****************************************
Report : Averaged Power
	-cell_power
	-verbose
	-sort_by cell_internal_power
Design : omsp_min_exec
Version: V-2023.12-SP5-4
Date   : Tue May  5 22:55:10 2026
****************************************

Library(s) Used:

    saed32rvt_ss0p75v125c (File: /usr/local/synopsys/pdk/SAED32_EDK/lib/stdcell_rvt/db_nldm/saed32rvt_ss0p75v125c.db)


Operating Conditions: ss0p75v125c   Library: saed32rvt_ss0p75v125c
Wire Load Model Mode: enclosed

Cell               Design       Wire_model  Library       Selection_type
--------------------------------------------------------------------------------
                   omsp_min_exec
                                16000       saed32rvt_ss0p75v125c
                                                          automatic-by-area
add_x_91           omsp_min_exec_DW01_add_4
                                ForQA       saed32rvt_ss0p75v125c
                                                          automatic-by-area
DP_OP_266_126_7087 omsp_min_exec_DP_OP_266_126_7087_1
                                ForQA       saed32rvt_ss0p75v125c
                                                          automatic-by-area
DP_OP_262_122_9732 omsp_min_exec_DP_OP_262_122_9732_0
                                ForQA       saed32rvt_ss0p75v125c
                                                          automatic-by-area
DP_OP_265_125_7087 omsp_min_exec_DP_OP_265_125_7087_1
                                ForQA       saed32rvt_ss0p75v125c
                                                          automatic-by-area
DP_OP_264_124_7087 omsp_min_exec_DP_OP_264_124_7087_2
                                ForQA       saed32rvt_ss0p75v125c
                                                          automatic-by-area
DP_OP_263_123_7087 omsp_min_exec_DP_OP_263_123_7087_2
                                ForQA       saed32rvt_ss0p75v125c
                                                          automatic-by-area

Power-specific unit information :
    Voltage Units = 1 V
    Capacitance Units = 0.001 pf
    Time Units = 1 ns
    Dynamic Power Units = 1 W
    Leakage Power Units = 1 W



  Attributes
  ----------
      a  -  Annotated internal | leakage | switching power 
      b  -  Black-box (unresolved) cell
      c  -  Clock pin internal power only
      d  -  Does not include clock pin internal power
      h  -  Hierarchical cell

                        Internal  Switching Leakage   Total
Cell                    Power     Power     Power     Power    (     %)   Attrs
--------------------------------------------------------------------------------
DP_OP_262_122_9732      1.920e-06 5.678e-07 2.752e-06 5.239e-06 ( 1.85%)  h
DP_OP_266_126_7087      1.832e-06 6.450e-07 1.817e-06 4.294e-06 ( 1.52%)  h
DP_OP_264_124_7087      1.534e-06 6.300e-07 1.922e-06 4.086e-06 ( 1.44%)  h
DP_OP_265_125_7087      1.524e-06 5.650e-07 1.846e-06 3.935e-06 ( 1.39%)  h
DP_OP_263_123_7087      1.421e-06 5.623e-07 1.911e-06 3.894e-06 ( 1.38%)  h
add_x_91                1.240e-06 5.720e-07 1.492e-06 3.303e-06 ( 1.17%)  h
e_state_reg_0_          3.261e-07 9.606e-08 2.446e-07 6.668e-07 ( 0.24%)  
e_state_reg_1_          2.712e-07 6.560e-08 1.850e-07 5.218e-07 ( 0.18%)  
e_state_reg_3_          2.710e-07 4.446e-08 1.832e-07 4.986e-07 ( 0.18%)  
i_state_reg_0_          2.655e-07 5.025e-08 1.815e-07 4.973e-07 ( 0.18%)  
mdb_in_buf_en_reg       2.432e-07 3.041e-08 1.817e-07 4.553e-07 ( 0.16%)  
exec_dst_wr_reg         2.398e-07 2.559e-08 1.849e-07 4.503e-07 ( 0.16%)  
e_state_reg_2_          2.392e-07 2.453e-08 1.816e-07 4.453e-07 ( 0.16%)  
inst_irq_rst_reg        2.212e-07 1.483e-11 1.842e-07 4.054e-07 ( 0.14%)  
mdb_in_buf_valid_reg    2.087e-07 9.566e-09 1.849e-07 4.032e-07 ( 0.14%)  
mab_lsb_reg             2.086e-07 6.934e-09 1.850e-07 4.005e-07 ( 0.14%)  
pc_reg_1_               2.028e-07 1.253e-08 1.817e-07 3.970e-07 ( 0.14%)  
inst_dext_reg_0_        1.948e-07 7.630e-12 1.716e-07 3.664e-07 ( 0.13%)  
r3_reg_4_               1.948e-07    0.0000 1.743e-07 3.691e-07 ( 0.13%)  
mdb_out_nxt_reg_15_     1.905e-07 6.263e-09 1.819e-07 3.786e-07 ( 0.13%)  
mdb_out_nxt_reg_14_     1.905e-07 6.263e-09 1.819e-07 3.786e-07 ( 0.13%)  
mdb_out_nxt_reg_0_      1.898e-07 5.958e-09 1.819e-07 3.776e-07 ( 0.13%)  
mdb_out_nxt_reg_13_     1.862e-07 4.945e-09 1.805e-07 3.717e-07 ( 0.13%)  
mdb_out_nxt_reg_9_      1.849e-07 3.328e-09 1.790e-07 3.673e-07 ( 0.13%)  
exec_dext_rdy_reg       1.846e-07 6.958e-09 1.849e-07 3.764e-07 ( 0.13%)  
mdb_out_nxt_reg_7_      1.844e-07 3.091e-09 1.789e-07 3.664e-07 ( 0.13%)  
mdb_out_nxt_reg_5_      1.842e-07 2.972e-09 1.788e-07 3.660e-07 ( 0.13%)  
mdb_out_nxt_reg_2_      1.842e-07 2.972e-09 1.788e-07 3.660e-07 ( 0.13%)  
mdb_out_nxt_reg_3_      1.842e-07 2.972e-09 1.788e-07 3.660e-07 ( 0.13%)  
pc_reg_2_               1.840e-07 6.332e-09 1.853e-07 3.756e-07 ( 0.13%)  
mdb_out_nxt_reg_10_     1.830e-07 2.245e-09 1.777e-07 3.629e-07 ( 0.13%)  
inst_sz_reg_0_          1.817e-07 8.064e-12 1.799e-07 3.616e-07 ( 0.13%)  
inst_ad_reg_1_          1.817e-07 1.234e-11 1.800e-07 3.617e-07 ( 0.13%)  
mdb_out_nxt_reg_12_     1.814e-07 1.319e-09 1.765e-07 3.592e-07 ( 0.13%)  
mdb_out_nxt_reg_11_     1.814e-07 1.319e-09 1.765e-07 3.592e-07 ( 0.13%)  
inst_type_reg_2_        1.811e-07 2.716e-11 1.800e-07 3.612e-07 ( 0.13%)  
inst_as_reg_2_          1.811e-07 8.052e-12 1.800e-07 3.611e-07 ( 0.13%)  
inst_alu_reg_5_         1.810e-07 7.994e-11 2.296e-07 4.107e-07 ( 0.15%)  
mdb_out_nxt_reg_6_      1.805e-07 3.031e-09 1.787e-07 3.623e-07 ( 0.13%)  
i_state_reg_1_          1.805e-07 3.586e-11 1.800e-07 3.605e-07 ( 0.13%)  
mdb_out_nxt_reg_4_      1.804e-07 2.986e-09 1.786e-07 3.620e-07 ( 0.13%)  
inst_dext_reg_10_       1.804e-07 7.630e-12 1.800e-07 3.604e-07 ( 0.13%)  
inst_dext_reg_5_        1.804e-07 7.630e-12 1.800e-07 3.604e-07 ( 0.13%)  
inst_dext_reg_7_        1.804e-07 7.630e-12 1.800e-07 3.604e-07 ( 0.13%)  
inst_dext_reg_11_       1.804e-07 7.630e-12 1.800e-07 3.604e-07 ( 0.13%)  
inst_dext_reg_12_       1.804e-07 7.630e-12 1.800e-07 3.604e-07 ( 0.13%)  
inst_dext_reg_15_       1.804e-07 7.630e-12 1.800e-07 3.604e-07 ( 0.13%)  
inst_dext_reg_3_        1.804e-07 7.630e-12 1.800e-07 3.604e-07 ( 0.13%)  
inst_dext_reg_2_        1.804e-07 7.630e-12 1.800e-07 3.604e-07 ( 0.13%)  
inst_so_reg_5_          1.798e-07    0.0000 1.744e-07 3.541e-07 ( 0.13%)  
inst_as_reg_0_          1.797e-07    0.0000 1.744e-07 3.541e-07 ( 0.13%)  
inst_type_reg_0_        1.797e-07    0.0000 1.744e-07 3.542e-07 ( 0.13%)  
inst_alu_reg_9_         1.792e-07    0.0000 1.744e-07 3.536e-07 ( 0.13%)  
inst_alu_reg_10_        1.792e-07    0.0000 1.744e-07 3.536e-07 ( 0.13%)  
inst_so_reg_0_          1.792e-07    0.0000 1.744e-07 3.536e-07 ( 0.12%)  
inst_dext_reg_8_        1.792e-07    0.0000 1.744e-07 3.536e-07 ( 0.12%)  
inst_dext_reg_1_        1.792e-07    0.0000 1.744e-07 3.536e-07 ( 0.12%)  
pc_reg_3_               1.782e-07 3.182e-09 1.853e-07 3.667e-07 ( 0.13%)  
mdb_out_nxt_reg_8_      1.767e-07 3.014e-09 1.785e-07 3.582e-07 ( 0.13%)  
pc_reg_4_               1.753e-07 1.615e-09 1.853e-07 3.622e-07 ( 0.13%)  
pc_reg_5_               1.739e-07 8.074e-10 1.853e-07 3.600e-07 ( 0.13%)  
pc_reg_6_               1.731e-07 4.274e-10 1.853e-07 3.589e-07 ( 0.13%)  
inst_dest_bin_reg_0_    1.731e-07 3.831e-11 1.800e-07 3.532e-07 ( 0.12%)  
inst_jmp_bin_reg_2_     1.731e-07 3.082e-11 1.800e-07 3.532e-07 ( 0.12%)  
inst_dest_bin_reg_2_    1.731e-07 2.531e-11 1.800e-07 3.531e-07 ( 0.12%)  
inst_dest_bin_reg_3_    1.731e-07 2.306e-11 1.800e-07 3.531e-07 ( 0.12%)  
inst_src_bin_reg_2_     1.731e-07 2.099e-11 1.800e-07 3.531e-07 ( 0.12%)  
inst_jmp_bin_reg_0_     1.731e-07 2.099e-11 1.800e-07 3.531e-07 ( 0.12%)  
inst_jmp_bin_reg_1_     1.731e-07 1.919e-11 1.800e-07 3.531e-07 ( 0.12%)  
inst_src_bin_reg_3_     1.731e-07 1.919e-11 1.800e-07 3.531e-07 ( 0.12%)  
inst_src_bin_reg_1_     1.731e-07 1.919e-11 1.800e-07 3.531e-07 ( 0.12%)  
inst_ad_reg_0_          1.729e-07    0.0000 1.743e-07 3.472e-07 ( 0.12%)  
pc_reg_7_               1.728e-07 2.058e-10 1.853e-07 3.583e-07 ( 0.13%)  
pc_reg_8_               1.726e-07 1.266e-10 1.853e-07 3.580e-07 ( 0.13%)  
pc_reg_9_               1.725e-07 6.332e-11 1.853e-07 3.578e-07 ( 0.13%)  
pc_reg_13_              1.725e-07 4.749e-11 1.832e-07 3.557e-07 ( 0.13%)  
pc_reg_10_              1.725e-07 4.749e-11 1.846e-07 3.571e-07 ( 0.13%)  
pc_reg_12_              1.724e-07 3.166e-11 1.820e-07 3.545e-07 ( 0.13%)  
pc_reg_11_              1.724e-07 3.166e-11 1.820e-07 3.545e-07 ( 0.13%)  
pc_reg_15_              1.724e-07 1.566e-11 1.800e-07 3.524e-07 ( 0.12%)  
pc_reg_14_              1.724e-07 1.583e-11 1.800e-07 3.524e-07 ( 0.12%)  
pc_reg_0_               1.724e-07 1.297e-11 1.800e-07 3.524e-07 ( 0.12%)  
inst_dext_reg_9_        1.724e-07 7.630e-12 1.800e-07 3.524e-07 ( 0.12%)  
inst_dext_reg_14_       1.724e-07 7.630e-12 1.800e-07 3.524e-07 ( 0.12%)  
inst_alu_reg_8_         1.724e-07    0.0000 1.743e-07 3.467e-07 ( 0.12%)  
inst_as_reg_4_          1.724e-07    0.0000 1.743e-07 3.467e-07 ( 0.12%)  
inst_src_bin_reg_0_     1.724e-07    0.0000 1.743e-07 3.467e-07 ( 0.12%)  
inst_type_reg_1_        1.724e-07    0.0000 1.743e-07 3.467e-07 ( 0.12%)  
mdb_in_buf_reg_2_       1.724e-07    0.0000 1.743e-07 3.467e-07 ( 0.12%)  
mdb_in_buf_reg_3_       1.724e-07    0.0000 1.743e-07 3.467e-07 ( 0.12%)  
mdb_in_buf_reg_6_       1.724e-07    0.0000 1.743e-07 3.467e-07 ( 0.12%)  
mdb_in_buf_reg_8_       1.724e-07    0.0000 1.743e-07 3.467e-07 ( 0.12%)  
mdb_in_buf_reg_12_      1.724e-07    0.0000 1.743e-07 3.467e-07 ( 0.12%)  
mdb_in_buf_reg_15_      1.724e-07    0.0000 1.743e-07 3.467e-07 ( 0.12%)  
exec_jmp_reg            1.724e-07    0.0000 1.743e-07 3.467e-07 ( 0.12%)  
i_state_reg_2_          1.724e-07    0.0000 1.743e-07 3.467e-07 ( 0.12%)  
r2_reg_0_               1.724e-07    0.0000 1.743e-07 3.467e-07 ( 0.12%)  
r2_reg_1_               1.724e-07    0.0000 1.743e-07 3.467e-07 ( 0.12%)  
r2_reg_2_               1.724e-07    0.0000 1.743e-07 3.467e-07 ( 0.12%)  
inst_ad_reg_6_          1.724e-07    0.0000 1.743e-07 3.467e-07 ( 0.12%)  
inst_alu_reg_11_        1.724e-07    0.0000 1.743e-07 3.467e-07 ( 0.12%)  
inst_as_reg_1_          1.724e-07    0.0000 1.743e-07 3.467e-07 ( 0.12%)  
inst_as_reg_6_          1.724e-07    0.0000 1.743e-07 3.467e-07 ( 0.12%)  
inst_so_reg_7_          1.724e-07    0.0000 1.743e-07 3.467e-07 ( 0.12%)  
mdb_in_buf_reg_0_       1.724e-07    0.0000 1.743e-07 3.467e-07 ( 0.12%)  
mdb_in_buf_reg_4_       1.724e-07    0.0000 1.743e-07 3.467e-07 ( 0.12%)  
mdb_in_buf_reg_7_       1.724e-07    0.0000 1.743e-07 3.467e-07 ( 0.12%)  
mdb_in_buf_reg_9_       1.724e-07    0.0000 1.743e-07 3.467e-07 ( 0.12%)  
mdb_in_buf_reg_13_      1.724e-07    0.0000 1.743e-07 3.467e-07 ( 0.12%)  
inst_dext_reg_6_        1.724e-07    0.0000 1.743e-07 3.467e-07 ( 0.12%)  
inst_sext_reg_5_        1.724e-07    0.0000 1.743e-07 3.467e-07 ( 0.12%)  
inst_sext_reg_6_        1.724e-07    0.0000 1.743e-07 3.467e-07 ( 0.12%)  
inst_sext_reg_7_        1.724e-07    0.0000 1.743e-07 3.467e-07 ( 0.12%)  
inst_sext_reg_8_        1.724e-07    0.0000 1.743e-07 3.467e-07 ( 0.12%)  
inst_sext_reg_9_        1.724e-07    0.0000 1.743e-07 3.467e-07 ( 0.12%)  
inst_sext_reg_10_       1.724e-07    0.0000 1.743e-07 3.467e-07 ( 0.12%)  
r1_reg_1_               1.724e-07    0.0000 1.743e-07 3.467e-07 ( 0.12%)  
r1_reg_4_               1.724e-07    0.0000 1.743e-07 3.467e-07 ( 0.12%)  
r1_reg_5_               1.724e-07    0.0000 1.743e-07 3.467e-07 ( 0.12%)  
r1_reg_6_               1.724e-07    0.0000 1.743e-07 3.467e-07 ( 0.12%)  
r1_reg_7_               1.724e-07    0.0000 1.743e-07 3.467e-07 ( 0.12%)  
r1_reg_10_              1.724e-07    0.0000 1.743e-07 3.467e-07 ( 0.12%)  
r1_reg_11_              1.724e-07    0.0000 1.743e-07 3.467e-07 ( 0.12%)  
r1_reg_12_              1.724e-07    0.0000 1.743e-07 3.467e-07 ( 0.12%)  
r1_reg_13_              1.724e-07    0.0000 1.743e-07 3.467e-07 ( 0.12%)  
r2_reg_4_               1.724e-07    0.0000 1.743e-07 3.467e-07 ( 0.12%)  
r3_reg_0_               1.724e-07    0.0000 1.743e-07 3.467e-07 ( 0.12%)  
r3_reg_3_               1.724e-07    0.0000 1.743e-07 3.467e-07 ( 0.12%)  
r3_reg_10_              1.724e-07    0.0000 1.743e-07 3.467e-07 ( 0.12%)  
r3_reg_11_              1.724e-07    0.0000 1.743e-07 3.467e-07 ( 0.12%)  
r3_reg_12_              1.724e-07    0.0000 1.743e-07 3.467e-07 ( 0.12%)  
r3_reg_13_              1.724e-07    0.0000 1.743e-07 3.467e-07 ( 0.12%)  
r4_reg_1_               1.724e-07    0.0000 1.743e-07 3.467e-07 ( 0.12%)  
r4_reg_4_               1.724e-07    0.0000 1.743e-07 3.467e-07 ( 0.12%)  
r4_reg_5_               1.724e-07    0.0000 1.743e-07 3.467e-07 ( 0.12%)  
r4_reg_7_               1.724e-07    0.0000 1.743e-07 3.467e-07 ( 0.12%)  
r4_reg_8_               1.724e-07    0.0000 1.743e-07 3.467e-07 ( 0.12%)  
r4_reg_10_              1.724e-07    0.0000 1.743e-07 3.467e-07 ( 0.12%)  
r4_reg_11_              1.724e-07    0.0000 1.743e-07 3.467e-07 ( 0.12%)  
r4_reg_12_              1.724e-07    0.0000 1.743e-07 3.467e-07 ( 0.12%)  
r4_reg_13_              1.724e-07    0.0000 1.743e-07 3.467e-07 ( 0.12%)  
r4_reg_14_              1.724e-07    0.0000 1.743e-07 3.467e-07 ( 0.12%)  
r4_reg_15_              1.724e-07    0.0000 1.743e-07 3.467e-07 ( 0.12%)  
r5_reg_0_               1.724e-07    0.0000 1.743e-07 3.467e-07 ( 0.12%)  
r5_reg_1_               1.724e-07    0.0000 1.743e-07 3.467e-07 ( 0.12%)  
r5_reg_3_               1.724e-07    0.0000 1.743e-07 3.467e-07 ( 0.12%)  
r5_reg_4_               1.724e-07    0.0000 1.743e-07 3.467e-07 ( 0.12%)  
r5_reg_5_               1.724e-07    0.0000 1.743e-07 3.467e-07 ( 0.12%)  
r5_reg_6_               1.724e-07    0.0000 1.743e-07 3.467e-07 ( 0.12%)  
r5_reg_7_               1.724e-07    0.0000 1.743e-07 3.467e-07 ( 0.12%)  
r5_reg_8_               1.724e-07    0.0000 1.743e-07 3.467e-07 ( 0.12%)  
r5_reg_9_               1.724e-07    0.0000 1.743e-07 3.467e-07 ( 0.12%)  
r5_reg_10_              1.724e-07    0.0000 1.743e-07 3.467e-07 ( 0.12%)  
r5_reg_11_              1.724e-07    0.0000 1.743e-07 3.467e-07 ( 0.12%)  
r5_reg_12_              1.724e-07    0.0000 1.743e-07 3.467e-07 ( 0.12%)  
r5_reg_13_              1.724e-07    0.0000 1.743e-07 3.467e-07 ( 0.12%)  
r5_reg_14_              1.724e-07    0.0000 1.743e-07 3.467e-07 ( 0.12%)  
r5_reg_15_              1.724e-07    0.0000 1.743e-07 3.467e-07 ( 0.12%)  
r6_reg_0_               1.724e-07    0.0000 1.743e-07 3.467e-07 ( 0.12%)  
r6_reg_1_               1.724e-07    0.0000 1.743e-07 3.467e-07 ( 0.12%)  
r6_reg_3_               1.724e-07    0.0000 1.743e-07 3.467e-07 ( 0.12%)  
r6_reg_4_               1.724e-07    0.0000 1.743e-07 3.467e-07 ( 0.12%)  
r6_reg_5_               1.724e-07    0.0000 1.743e-07 3.467e-07 ( 0.12%)  
r6_reg_6_               1.724e-07    0.0000 1.743e-07 3.467e-07 ( 0.12%)  
r6_reg_7_               1.724e-07    0.0000 1.743e-07 3.467e-07 ( 0.12%)  
r6_reg_8_               1.724e-07    0.0000 1.743e-07 3.467e-07 ( 0.12%)  
r6_reg_9_               1.724e-07    0.0000 1.743e-07 3.467e-07 ( 0.12%)  
r6_reg_10_              1.724e-07    0.0000 1.743e-07 3.467e-07 ( 0.12%)  
r6_reg_11_              1.724e-07    0.0000 1.743e-07 3.467e-07 ( 0.12%)  
r6_reg_12_              1.724e-07    0.0000 1.743e-07 3.467e-07 ( 0.12%)  
r6_reg_13_              1.724e-07    0.0000 1.743e-07 3.467e-07 ( 0.12%)  
r6_reg_14_              1.724e-07    0.0000 1.743e-07 3.467e-07 ( 0.12%)  
r6_reg_15_              1.724e-07    0.0000 1.743e-07 3.467e-07 ( 0.12%)  
r7_reg_0_               1.724e-07    0.0000 1.743e-07 3.467e-07 ( 0.12%)  
r7_reg_1_               1.724e-07    0.0000 1.743e-07 3.467e-07 ( 0.12%)  
r7_reg_3_               1.724e-07    0.0000 1.743e-07 3.467e-07 ( 0.12%)  
r7_reg_4_               1.724e-07    0.0000 1.743e-07 3.467e-07 ( 0.12%)  
r7_reg_5_               1.724e-07    0.0000 1.743e-07 3.467e-07 ( 0.12%)  
r7_reg_6_               1.724e-07    0.0000 1.743e-07 3.467e-07 ( 0.12%)  
r7_reg_7_               1.724e-07    0.0000 1.743e-07 3.467e-07 ( 0.12%)  
r7_reg_8_               1.724e-07    0.0000 1.743e-07 3.467e-07 ( 0.12%)  
r7_reg_9_               1.724e-07    0.0000 1.743e-07 3.467e-07 ( 0.12%)  
r7_reg_10_              1.724e-07    0.0000 1.743e-07 3.467e-07 ( 0.12%)  
r7_reg_11_              1.724e-07    0.0000 1.743e-07 3.467e-07 ( 0.12%)  
r7_reg_12_              1.724e-07    0.0000 1.743e-07 3.467e-07 ( 0.12%)  
r7_reg_13_              1.724e-07    0.0000 1.743e-07 3.467e-07 ( 0.12%)  
r7_reg_14_              1.724e-07    0.0000 1.743e-07 3.467e-07 ( 0.12%)  
r7_reg_15_              1.724e-07    0.0000 1.743e-07 3.467e-07 ( 0.12%)  
r8_reg_0_               1.724e-07    0.0000 1.743e-07 3.467e-07 ( 0.12%)  
r8_reg_1_               1.724e-07    0.0000 1.743e-07 3.467e-07 ( 0.12%)  
r8_reg_3_               1.724e-07    0.0000 1.743e-07 3.467e-07 ( 0.12%)  
r8_reg_4_               1.724e-07    0.0000 1.743e-07 3.467e-07 ( 0.12%)  
r8_reg_5_               1.724e-07    0.0000 1.743e-07 3.467e-07 ( 0.12%)  
r8_reg_6_               1.724e-07    0.0000 1.743e-07 3.467e-07 ( 0.12%)  
r8_reg_7_               1.724e-07    0.0000 1.743e-07 3.467e-07 ( 0.12%)  
r8_reg_8_               1.724e-07    0.0000 1.743e-07 3.467e-07 ( 0.12%)  
r8_reg_9_               1.724e-07    0.0000 1.743e-07 3.467e-07 ( 0.12%)  
r8_reg_10_              1.724e-07    0.0000 1.743e-07 3.467e-07 ( 0.12%)  
r8_reg_11_              1.724e-07    0.0000 1.743e-07 3.467e-07 ( 0.12%)  
r8_reg_12_              1.724e-07    0.0000 1.743e-07 3.467e-07 ( 0.12%)  
r8_reg_13_              1.724e-07    0.0000 1.743e-07 3.467e-07 ( 0.12%)  
r8_reg_14_              1.724e-07    0.0000 1.743e-07 3.467e-07 ( 0.12%)  
r8_reg_15_              1.724e-07    0.0000 1.743e-07 3.467e-07 ( 0.12%)  
r9_reg_0_               1.724e-07    0.0000 1.743e-07 3.467e-07 ( 0.12%)  
r9_reg_1_               1.724e-07    0.0000 1.743e-07 3.467e-07 ( 0.12%)  
r9_reg_4_               1.724e-07    0.0000 1.743e-07 3.467e-07 ( 0.12%)  
r9_reg_5_               1.724e-07    0.0000 1.743e-07 3.467e-07 ( 0.12%)  
r9_reg_6_               1.724e-07    0.0000 1.743e-07 3.467e-07 ( 0.12%)  
r9_reg_7_               1.724e-07    0.0000 1.743e-07 3.467e-07 ( 0.12%)  
r9_reg_8_               1.724e-07    0.0000 1.743e-07 3.467e-07 ( 0.12%)  
r9_reg_9_               1.724e-07    0.0000 1.743e-07 3.467e-07 ( 0.12%)  
r9_reg_10_              1.724e-07    0.0000 1.743e-07 3.467e-07 ( 0.12%)  
r9_reg_11_              1.724e-07    0.0000 1.743e-07 3.467e-07 ( 0.12%)  
r9_reg_12_              1.724e-07    0.0000 1.743e-07 3.467e-07 ( 0.12%)  
r9_reg_13_              1.724e-07    0.0000 1.743e-07 3.467e-07 ( 0.12%)  
r9_reg_14_              1.724e-07    0.0000 1.743e-07 3.467e-07 ( 0.12%)  
r9_reg_15_              1.724e-07    0.0000 1.743e-07 3.467e-07 ( 0.12%)  
r10_reg_4_              1.724e-07    0.0000 1.743e-07 3.467e-07 ( 0.12%)  
r10_reg_5_              1.724e-07    0.0000 1.743e-07 3.467e-07 ( 0.12%)  
r10_reg_6_              1.724e-07    0.0000 1.743e-07 3.467e-07 ( 0.12%)  
r10_reg_7_              1.724e-07    0.0000 1.743e-07 3.467e-07 ( 0.12%)  
r10_reg_8_              1.724e-07    0.0000 1.743e-07 3.467e-07 ( 0.12%)  
r10_reg_9_              1.724e-07    0.0000 1.743e-07 3.467e-07 ( 0.12%)  
r10_reg_10_             1.724e-07    0.0000 1.743e-07 3.467e-07 ( 0.12%)  
r10_reg_11_             1.724e-07    0.0000 1.743e-07 3.467e-07 ( 0.12%)  
r10_reg_12_             1.724e-07    0.0000 1.743e-07 3.467e-07 ( 0.12%)  
r10_reg_13_             1.724e-07    0.0000 1.743e-07 3.467e-07 ( 0.12%)  
r10_reg_14_             1.724e-07    0.0000 1.743e-07 3.467e-07 ( 0.12%)  
r10_reg_15_             1.724e-07    0.0000 1.743e-07 3.467e-07 ( 0.12%)  
r11_reg_1_              1.724e-07    0.0000 1.743e-07 3.467e-07 ( 0.12%)  
r11_reg_10_             1.724e-07    0.0000 1.743e-07 3.467e-07 ( 0.12%)  
r11_reg_11_             1.724e-07    0.0000 1.743e-07 3.467e-07 ( 0.12%)  
r11_reg_12_             1.724e-07    0.0000 1.743e-07 3.467e-07 ( 0.12%)  
r11_reg_13_             1.724e-07    0.0000 1.743e-07 3.467e-07 ( 0.12%)  
r12_reg_9_              1.724e-07    0.0000 1.743e-07 3.467e-07 ( 0.12%)  
r12_reg_10_             1.724e-07    0.0000 1.743e-07 3.467e-07 ( 0.12%)  
r12_reg_11_             1.724e-07    0.0000 1.743e-07 3.467e-07 ( 0.12%)  
r12_reg_12_             1.724e-07    0.0000 1.743e-07 3.467e-07 ( 0.12%)  
r12_reg_13_             1.724e-07    0.0000 1.743e-07 3.467e-07 ( 0.12%)  
r13_reg_0_              1.724e-07    0.0000 1.743e-07 3.467e-07 ( 0.12%)  
r13_reg_1_              1.724e-07    0.0000 1.743e-07 3.467e-07 ( 0.12%)  
r13_reg_4_              1.724e-07    0.0000 1.743e-07 3.467e-07 ( 0.12%)  
r13_reg_5_              1.724e-07    0.0000 1.743e-07 3.467e-07 ( 0.12%)  
r13_reg_6_              1.724e-07    0.0000 1.743e-07 3.467e-07 ( 0.12%)  
r13_reg_7_              1.724e-07    0.0000 1.743e-07 3.467e-07 ( 0.12%)  
r13_reg_8_              1.724e-07    0.0000 1.743e-07 3.467e-07 ( 0.12%)  
r13_reg_9_              1.724e-07    0.0000 1.743e-07 3.467e-07 ( 0.12%)  
r13_reg_10_             1.724e-07    0.0000 1.743e-07 3.467e-07 ( 0.12%)  
r13_reg_11_             1.724e-07    0.0000 1.743e-07 3.467e-07 ( 0.12%)  
r13_reg_12_             1.724e-07    0.0000 1.743e-07 3.467e-07 ( 0.12%)  
r13_reg_13_             1.724e-07    0.0000 1.743e-07 3.467e-07 ( 0.12%)  
r13_reg_14_             1.724e-07    0.0000 1.743e-07 3.467e-07 ( 0.12%)  
r13_reg_15_             1.724e-07    0.0000 1.743e-07 3.467e-07 ( 0.12%)  
r14_reg_0_              1.724e-07    0.0000 1.743e-07 3.467e-07 ( 0.12%)  
r14_reg_1_              1.724e-07    0.0000 1.743e-07 3.467e-07 ( 0.12%)  
r14_reg_4_              1.724e-07    0.0000 1.743e-07 3.467e-07 ( 0.12%)  
r14_reg_5_              1.724e-07    0.0000 1.743e-07 3.467e-07 ( 0.12%)  
r14_reg_6_              1.724e-07    0.0000 1.743e-07 3.467e-07 ( 0.12%)  
r14_reg_7_              1.724e-07    0.0000 1.743e-07 3.467e-07 ( 0.12%)  
r14_reg_8_              1.724e-07    0.0000 1.743e-07 3.467e-07 ( 0.12%)  
r14_reg_9_              1.724e-07    0.0000 1.743e-07 3.467e-07 ( 0.12%)  
r14_reg_10_             1.724e-07    0.0000 1.743e-07 3.467e-07 ( 0.12%)  
r14_reg_11_             1.724e-07    0.0000 1.743e-07 3.467e-07 ( 0.12%)  
r14_reg_12_             1.724e-07    0.0000 1.743e-07 3.467e-07 ( 0.12%)  
r14_reg_13_             1.724e-07    0.0000 1.743e-07 3.467e-07 ( 0.12%)  
r14_reg_14_             1.724e-07    0.0000 1.743e-07 3.467e-07 ( 0.12%)  
r14_reg_15_             1.724e-07    0.0000 1.743e-07 3.467e-07 ( 0.12%)  
r15_reg_0_              1.724e-07    0.0000 1.743e-07 3.467e-07 ( 0.12%)  
r15_reg_1_              1.724e-07    0.0000 1.743e-07 3.467e-07 ( 0.12%)  
r15_reg_4_              1.724e-07    0.0000 1.743e-07 3.467e-07 ( 0.12%)  
r15_reg_5_              1.724e-07    0.0000 1.743e-07 3.467e-07 ( 0.12%)  
r15_reg_6_              1.724e-07    0.0000 1.743e-07 3.467e-07 ( 0.12%)  
r15_reg_7_              1.724e-07    0.0000 1.743e-07 3.467e-07 ( 0.12%)  
r15_reg_8_              1.724e-07    0.0000 1.743e-07 3.467e-07 ( 0.12%)  
r15_reg_9_              1.724e-07    0.0000 1.743e-07 3.467e-07 ( 0.12%)  
r15_reg_10_             1.724e-07    0.0000 1.743e-07 3.467e-07 ( 0.12%)  
r15_reg_11_             1.724e-07    0.0000 1.743e-07 3.467e-07 ( 0.12%)  
r15_reg_12_             1.724e-07    0.0000 1.743e-07 3.467e-07 ( 0.12%)  
r15_reg_13_             1.724e-07    0.0000 1.743e-07 3.467e-07 ( 0.12%)  
r15_reg_14_             1.724e-07    0.0000 1.743e-07 3.467e-07 ( 0.12%)  
r1_reg_15_              1.724e-07    0.0000 1.743e-07 3.467e-07 ( 0.12%)  
r11_reg_0_              1.724e-07    0.0000 1.743e-07 3.467e-07 ( 0.12%)  
r12_reg_0_              1.724e-07    0.0000 1.743e-07 3.467e-07 ( 0.12%)  
r12_reg_1_              1.724e-07    0.0000 1.743e-07 3.467e-07 ( 0.12%)  
r12_reg_4_              1.724e-07    0.0000 1.743e-07 3.467e-07 ( 0.12%)  
r12_reg_5_              1.724e-07    0.0000 1.743e-07 3.467e-07 ( 0.12%)  
r12_reg_6_              1.724e-07    0.0000 1.743e-07 3.467e-07 ( 0.12%)  
r12_reg_7_              1.724e-07    0.0000 1.743e-07 3.467e-07 ( 0.12%)  
r12_reg_8_              1.724e-07    0.0000 1.743e-07 3.467e-07 ( 0.12%)  
r12_reg_14_             1.724e-07    0.0000 1.743e-07 3.467e-07 ( 0.12%)  
r12_reg_15_             1.724e-07    0.0000 1.743e-07 3.467e-07 ( 0.12%)  
inst_alu_reg_0_         1.724e-07    0.0000 1.743e-07 3.467e-07 ( 0.12%)  
inst_alu_reg_3_         1.724e-07    0.0000 1.743e-07 3.467e-07 ( 0.12%)  
inst_as_reg_3_          1.724e-07    0.0000 1.743e-07 3.467e-07 ( 0.12%)  
inst_as_reg_7_          1.724e-07    0.0000 1.743e-07 3.467e-07 ( 0.12%)  
inst_sext_reg_11_       1.724e-07    0.0000 1.743e-07 3.467e-07 ( 0.12%)  
inst_so_reg_3_          1.724e-07    0.0000 1.743e-07 3.467e-07 ( 0.12%)  
mdb_in_buf_reg_1_       1.724e-07    0.0000 1.743e-07 3.467e-07 ( 0.12%)  
r3_reg_9_               1.724e-07    0.0000 1.743e-07 3.467e-07 ( 0.12%)  
inst_dext_reg_13_       1.724e-07    0.0000 1.743e-07 3.467e-07 ( 0.12%)  
inst_mov_reg            1.724e-07    0.0000 1.743e-07 3.467e-07 ( 0.12%)  
mdb_in_buf_reg_11_      1.724e-07    0.0000 1.743e-07 3.467e-07 ( 0.12%)  
r1_reg_2_               1.724e-07    0.0000 1.743e-07 3.467e-07 ( 0.12%)  
r1_reg_8_               1.724e-07    0.0000 1.743e-07 3.467e-07 ( 0.12%)  
r1_reg_9_               1.724e-07    0.0000 1.743e-07 3.467e-07 ( 0.12%)  
r1_reg_14_              1.724e-07    0.0000 1.743e-07 3.467e-07 ( 0.12%)  
r3_reg_6_               1.724e-07    0.0000 1.743e-07 3.467e-07 ( 0.12%)  
r4_reg_9_               1.724e-07    0.0000 1.743e-07 3.467e-07 ( 0.12%)  
r10_reg_0_              1.724e-07    0.0000 1.743e-07 3.467e-07 ( 0.12%)  
r10_reg_1_              1.724e-07    0.0000 1.743e-07 3.467e-07 ( 0.12%)  
r11_reg_4_              1.724e-07    0.0000 1.743e-07 3.467e-07 ( 0.12%)  
r11_reg_5_              1.724e-07    0.0000 1.743e-07 3.467e-07 ( 0.12%)  
r11_reg_6_              1.724e-07    0.0000 1.743e-07 3.467e-07 ( 0.12%)  
r11_reg_7_              1.724e-07    0.0000 1.743e-07 3.467e-07 ( 0.12%)  
r11_reg_8_              1.724e-07    0.0000 1.743e-07 3.467e-07 ( 0.12%)  
r11_reg_9_              1.724e-07    0.0000 1.743e-07 3.467e-07 ( 0.12%)  
r11_reg_14_             1.724e-07    0.0000 1.743e-07 3.467e-07 ( 0.12%)  
r11_reg_15_             1.724e-07    0.0000 1.743e-07 3.467e-07 ( 0.12%)  
inst_sext_reg_14_       1.724e-07    0.0000 1.743e-07 3.467e-07 ( 0.12%)  
inst_so_reg_4_          1.724e-07    0.0000 1.743e-07 3.467e-07 ( 0.12%)  
inst_sz_reg_1_          1.724e-07    0.0000 1.743e-07 3.467e-07 ( 0.12%)  
r3_reg_1_               1.724e-07    0.0000 1.743e-07 3.467e-07 ( 0.12%)  
r4_reg_3_               1.724e-07    0.0000 1.743e-07 3.467e-07 ( 0.12%)  
r10_reg_3_              1.724e-07    0.0000 1.743e-07 3.467e-07 ( 0.12%)  
r11_reg_2_              1.724e-07    0.0000 1.743e-07 3.467e-07 ( 0.12%)  
r13_reg_3_              1.724e-07    0.0000 1.743e-07 3.467e-07 ( 0.12%)  
r15_reg_3_              1.724e-07    0.0000 1.743e-07 3.467e-07 ( 0.12%)  
exec_src_wr_reg         1.724e-07    0.0000 1.743e-07 3.467e-07 ( 0.12%)  
inst_alu_reg_2_         1.724e-07    0.0000 1.743e-07 3.467e-07 ( 0.12%)  
inst_alu_reg_6_         1.724e-07    0.0000 1.743e-07 3.467e-07 ( 0.12%)  
inst_alu_reg_7_         1.724e-07    0.0000 1.743e-07 3.467e-07 ( 0.12%)  
inst_as_reg_5_          1.724e-07    0.0000 1.743e-07 3.467e-07 ( 0.12%)  
inst_sext_reg_12_       1.724e-07    0.0000 1.743e-07 3.467e-07 ( 0.12%)  
inst_sext_reg_13_       1.724e-07    0.0000 1.743e-07 3.467e-07 ( 0.12%)  
inst_sext_reg_15_       1.724e-07    0.0000 1.743e-07 3.467e-07 ( 0.12%)  
inst_so_reg_1_          1.724e-07    0.0000 1.743e-07 3.467e-07 ( 0.12%)  
mdb_in_buf_reg_5_       1.724e-07    0.0000 1.743e-07 3.467e-07 ( 0.12%)  
mdb_in_buf_reg_10_      1.724e-07    0.0000 1.743e-07 3.467e-07 ( 0.12%)  
r1_reg_3_               1.724e-07    0.0000 1.743e-07 3.467e-07 ( 0.12%)  
r2_reg_5_               1.724e-07    0.0000 1.743e-07 3.467e-07 ( 0.12%)  
r2_reg_8_               1.724e-07    0.0000 1.743e-07 3.467e-07 ( 0.12%)  
r3_reg_7_               1.724e-07    0.0000 1.743e-07 3.467e-07 ( 0.12%)  
r3_reg_8_               1.724e-07    0.0000 1.743e-07 3.467e-07 ( 0.12%)  
r3_reg_14_              1.724e-07    0.0000 1.743e-07 3.467e-07 ( 0.12%)  
r3_reg_15_              1.724e-07    0.0000 1.743e-07 3.467e-07 ( 0.12%)  
r4_reg_6_               1.724e-07    0.0000 1.743e-07 3.467e-07 ( 0.12%)  
r6_reg_2_               1.724e-07    0.0000 1.743e-07 3.467e-07 ( 0.12%)  
r7_reg_2_               1.724e-07    0.0000 1.743e-07 3.467e-07 ( 0.12%)  
r9_reg_2_               1.724e-07    0.0000 1.743e-07 3.467e-07 ( 0.12%)  
r9_reg_3_               1.724e-07    0.0000 1.743e-07 3.467e-07 ( 0.12%)  
r10_reg_2_              1.724e-07    0.0000 1.743e-07 3.467e-07 ( 0.12%)  
r11_reg_3_              1.724e-07    0.0000 1.743e-07 3.467e-07 ( 0.12%)  
r12_reg_2_              1.724e-07    0.0000 1.743e-07 3.467e-07 ( 0.12%)  
r12_reg_3_              1.724e-07    0.0000 1.743e-07 3.467e-07 ( 0.12%)  
r13_reg_2_              1.724e-07    0.0000 1.743e-07 3.467e-07 ( 0.12%)  
r14_reg_2_              1.724e-07    0.0000 1.743e-07 3.467e-07 ( 0.12%)  
r14_reg_3_              1.724e-07    0.0000 1.743e-07 3.467e-07 ( 0.12%)  
r15_reg_2_              1.724e-07    0.0000 1.743e-07 3.467e-07 ( 0.12%)  
r15_reg_15_             1.724e-07    0.0000 1.743e-07 3.467e-07 ( 0.12%)  
inst_ad_reg_4_          1.724e-07    0.0000 1.743e-07 3.467e-07 ( 0.12%)  
inst_dest_bin_reg_1_    1.724e-07    0.0000 1.743e-07 3.467e-07 ( 0.12%)  
mdb_out_nxt_reg_1_      1.724e-07    0.0000 1.743e-07 3.467e-07 ( 0.12%)  
r2_reg_7_               1.724e-07    0.0000 1.743e-07 3.467e-07 ( 0.12%)  
r4_reg_0_               1.724e-07    0.0000 1.743e-07 3.467e-07 ( 0.12%)  
r5_reg_2_               1.724e-07    0.0000 1.743e-07 3.467e-07 ( 0.12%)  
inst_dext_reg_4_        1.724e-07    0.0000 1.743e-07 3.467e-07 ( 0.12%)  
inst_sext_reg_0_        1.724e-07    0.0000 1.743e-07 3.467e-07 ( 0.12%)  
inst_sext_reg_1_        1.724e-07    0.0000 1.743e-07 3.467e-07 ( 0.12%)  
inst_sext_reg_2_        1.724e-07    0.0000 1.743e-07 3.467e-07 ( 0.12%)  
inst_sext_reg_3_        1.724e-07    0.0000 1.743e-07 3.467e-07 ( 0.12%)  
inst_sext_reg_4_        1.724e-07    0.0000 1.743e-07 3.467e-07 ( 0.12%)  
inst_alu_reg_1_         1.724e-07    0.0000 1.743e-07 3.467e-07 ( 0.12%)  
mdb_in_buf_reg_14_      1.724e-07    0.0000 1.743e-07 3.467e-07 ( 0.12%)  
r3_reg_2_               1.724e-07    0.0000 1.743e-07 3.467e-07 ( 0.12%)  
r3_reg_5_               1.724e-07    0.0000 1.743e-07 3.467e-07 ( 0.12%)  
r4_reg_2_               1.724e-07    0.0000 1.743e-07 3.467e-07 ( 0.12%)  
r8_reg_2_               1.724e-07    0.0000 1.743e-07 3.467e-07 ( 0.12%)  
inst_bw_reg             1.723e-07    0.0000 2.252e-07 3.975e-07 ( 0.14%)  
inst_alu_reg_4_         1.723e-07    0.0000 2.252e-07 3.975e-07 ( 0.14%)  
inst_so_reg_6_          1.723e-07    0.0000 2.252e-07 3.975e-07 ( 0.14%)  
U401                    1.191e-07 1.088e-08 7.551e-08 2.055e-07 ( 0.07%)  
C3986                   8.223e-08 1.771e-08 3.595e-08 1.359e-07 ( 0.05%)  
U406                    7.400e-08 1.088e-08 3.312e-08 1.180e-07 ( 0.04%)  
U241                    7.329e-08 1.974e-08 5.807e-08 1.511e-07 ( 0.05%)  
U771                    7.173e-08 6.135e-09 5.217e-08 1.300e-07 ( 0.05%)  
U762                    7.168e-08 6.135e-09 5.217e-08 1.300e-07 ( 0.05%)  
U765                    7.165e-08 6.135e-09 5.217e-08 1.300e-07 ( 0.05%)  
U783                    7.165e-08 6.135e-09 5.217e-08 1.300e-07 ( 0.05%)  
U774                    7.149e-08 6.131e-09 5.218e-08 1.298e-07 ( 0.05%)  
C454                    7.130e-08 6.143e-09 5.140e-08 1.288e-07 ( 0.05%)  
C448                    7.129e-08 6.143e-09 5.140e-08 1.288e-07 ( 0.05%)  
C449                    7.128e-08 6.143e-09 5.140e-08 1.288e-07 ( 0.05%)  
C453                    7.128e-08 6.143e-09 5.140e-08 1.288e-07 ( 0.05%)  
C451                    7.127e-08 6.143e-09 5.140e-08 1.288e-07 ( 0.05%)  
C452                    7.124e-08 6.143e-09 5.140e-08 1.288e-07 ( 0.05%)  
U1185                   6.909e-08 3.066e-08 4.614e-08 1.459e-07 ( 0.05%)  
C3977                   6.774e-08 4.158e-08 3.596e-08 1.453e-07 ( 0.05%)  
U1199                   6.763e-08 3.337e-08 4.620e-08 1.472e-07 ( 0.05%)  
C3978                   6.727e-08 1.399e-08 3.596e-08 1.172e-07 ( 0.04%)  
C3979                   6.717e-08 1.399e-08 3.596e-08 1.171e-07 ( 0.04%)  
C4029                   6.712e-08 1.607e-08 3.596e-08 1.192e-07 ( 0.04%)  
U1271                   6.504e-08 1.183e-07 6.409e-08 2.475e-07 ( 0.09%)  
U1286                   6.496e-08 1.263e-07 6.416e-08 2.554e-07 ( 0.09%)  
U1285                   6.489e-08 1.257e-07 6.415e-08 2.548e-07 ( 0.09%)  
U1273                   6.488e-08 1.193e-07 6.629e-08 2.504e-07 ( 0.09%)  
U1295                   6.474e-08 1.492e-07 6.407e-08 2.780e-07 ( 0.10%)  
C4045                   6.290e-08 2.656e-08 3.602e-08 1.255e-07 ( 0.04%)  
U377                    5.822e-08 2.583e-08 4.278e-08 1.268e-07 ( 0.04%)  
C4043                   5.742e-08 2.684e-08 4.285e-08 1.271e-07 ( 0.04%)  
U246                    5.580e-08 3.125e-08 3.384e-08 1.209e-07 ( 0.04%)  
U382                    5.564e-08 8.965e-09 3.816e-08 1.028e-07 ( 0.04%)  
C3971                   5.260e-08 4.643e-08 3.595e-08 1.350e-07 ( 0.05%)  
U243                    5.224e-08 1.213e-08 3.892e-08 1.033e-07 ( 0.04%)  
U244                    5.223e-08 1.056e-08 3.892e-08 1.017e-07 ( 0.04%)  
C3985                   5.206e-08 1.057e-08 3.595e-08 9.858e-08 ( 0.03%)  
C3972                   5.194e-08 1.084e-08 3.595e-08 9.873e-08 ( 0.03%)  
C816                    5.194e-08 9.807e-08 5.942e-08 2.094e-07 ( 0.07%)  
U1266                   5.160e-08 2.772e-08 5.203e-08 1.313e-07 ( 0.05%)  
U1262                   5.158e-08 2.042e-08 5.203e-08 1.240e-07 ( 0.04%)  
U1264                   5.158e-08 2.042e-08 5.203e-08 1.240e-07 ( 0.04%)  
U1419                   5.154e-08 2.522e-08 5.203e-08 1.288e-07 ( 0.05%)  
C3984                   5.103e-08 1.973e-08 3.597e-08 1.067e-07 ( 0.04%)  
U387                    5.057e-08 1.956e-08 3.705e-08 1.072e-07 ( 0.04%)  
U1454                   5.032e-08 6.955e-09 4.510e-08 1.024e-07 ( 0.04%)  
C2746                   5.009e-08 2.430e-08 3.578e-08 1.102e-07 ( 0.04%)  
C327                    4.952e-08 6.848e-09 5.099e-08 1.074e-07 ( 0.04%)  
C329                    4.952e-08 6.848e-09 5.099e-08 1.074e-07 ( 0.04%)  
U1258                   4.952e-08 6.848e-09 5.099e-08 1.074e-07 ( 0.04%)  
U1260                   4.952e-08 6.848e-09 5.099e-08 1.074e-07 ( 0.04%)  
U1261                   4.952e-08 6.848e-09 5.099e-08 1.074e-07 ( 0.04%)  
C326                    4.950e-08 6.848e-09 5.099e-08 1.073e-07 ( 0.04%)  
C2798                   4.898e-08 3.650e-08 3.579e-08 1.213e-07 ( 0.04%)  
add_x_89_U15            4.826e-08 1.139e-08 9.171e-08 1.514e-07 ( 0.05%)  
C2985                   4.784e-08 4.241e-08 3.649e-08 1.267e-07 ( 0.04%)  
U386                    4.784e-08 3.084e-08 3.655e-08 1.152e-07 ( 0.04%)  
U913                    4.774e-08 6.192e-09 4.083e-08 9.477e-08 ( 0.03%)  
U928                    4.759e-08 6.192e-09 4.083e-08 9.461e-08 ( 0.03%)  
U927                    4.758e-08 6.192e-09 4.083e-08 9.461e-08 ( 0.03%)  
U929                    4.750e-08 6.188e-09 4.083e-08 9.452e-08 ( 0.03%)  
C3970                   4.688e-08 2.904e-08 3.654e-08 1.125e-07 ( 0.04%)  
C2823                   4.676e-08 1.239e-07 6.205e-08 2.328e-07 ( 0.08%)  
C2995                   4.632e-08 1.055e-08 3.649e-08 9.336e-08 ( 0.03%)  
C2958                   4.609e-08 1.055e-08 3.655e-08 9.318e-08 ( 0.03%)  
C3844                   4.574e-08 8.965e-09 3.655e-08 9.125e-08 ( 0.03%)  
U1140                   4.532e-08 1.408e-08 5.021e-08 1.096e-07 ( 0.04%)  
U1184                   4.526e-08 1.365e-08 4.446e-08 1.034e-07 ( 0.04%)  
C2965                   4.515e-08 2.114e-08 4.277e-08 1.091e-07 ( 0.04%)  
U1230                   4.468e-08 1.265e-08 4.104e-08 9.837e-08 ( 0.03%)  
C2991                   4.457e-08 2.845e-08 4.284e-08 1.159e-07 ( 0.04%)  
C818                    4.457e-08 9.199e-09 3.682e-08 9.059e-08 ( 0.03%)  
C55                     4.427e-08 1.585e-10 3.680e-08 8.123e-08 ( 0.03%)  
U1349                   4.423e-08 1.911e-08 6.416e-08 1.275e-07 ( 0.05%)  
U1203                   4.410e-08 1.973e-08 4.098e-08 1.048e-07 ( 0.04%)  
C1900                   4.366e-08 2.892e-08 4.375e-08 1.163e-07 ( 0.04%)  
C2992                   4.366e-08 2.845e-08 4.375e-08 1.159e-07 ( 0.04%)  
U1267                   4.339e-08 2.042e-08 5.446e-08 1.183e-07 ( 0.04%)  
U1339                   4.336e-08 6.247e-09 4.454e-08 9.414e-08 ( 0.03%)  
U432                    4.312e-08 3.946e-08 3.639e-08 1.190e-07 ( 0.04%)  
U291                    4.310e-08 3.215e-08 3.639e-08 1.116e-07 ( 0.04%)  
U429                    4.310e-08 2.986e-08 3.639e-08 1.093e-07 ( 0.04%)  
U315                    4.309e-08 1.898e-08 3.639e-08 9.845e-08 ( 0.03%)  
U285                    4.309e-08 2.517e-08 3.639e-08 1.046e-07 ( 0.04%)  
U294                    4.309e-08 2.517e-08 3.639e-08 1.046e-07 ( 0.04%)  
U279                    4.308e-08 2.400e-08 3.639e-08 1.035e-07 ( 0.04%)  
U300                    4.308e-08 2.400e-08 3.639e-08 1.035e-07 ( 0.04%)  
U306                    4.308e-08 2.400e-08 3.639e-08 1.035e-07 ( 0.04%)  
U309                    4.308e-08 2.400e-08 3.639e-08 1.035e-07 ( 0.04%)  
U312                    4.308e-08 2.400e-08 3.639e-08 1.035e-07 ( 0.04%)  
U44                     4.256e-08 1.838e-08 3.328e-08 9.421e-08 ( 0.03%)  
U1177                   4.256e-08 1.814e-08 3.328e-08 9.398e-08 ( 0.03%)  
U39                     4.226e-08 1.838e-08 3.485e-08 9.548e-08 ( 0.03%)  
U760                    4.221e-08 1.874e-08 3.535e-08 9.630e-08 ( 0.03%)  
U722                    4.211e-08 1.874e-08 3.528e-08 9.613e-08 ( 0.03%)  
U754                    4.211e-08 1.850e-08 3.663e-08 9.724e-08 ( 0.03%)  
U751                    4.209e-08 3.079e-08 3.528e-08 1.082e-07 ( 0.04%)  
U41                     4.209e-08 1.838e-08 3.215e-08 9.261e-08 ( 0.03%)  
U728                    4.206e-08 1.980e-08 3.531e-08 9.717e-08 ( 0.03%)  
U725                    4.201e-08 1.787e-08 3.668e-08 9.657e-08 ( 0.03%)  
U46                     4.173e-08 1.891e-08 3.220e-08 9.284e-08 ( 0.03%)  
U428                    4.050e-08 1.188e-08 3.642e-08 8.880e-08 ( 0.03%)  
U926                    3.976e-08 4.888e-09 4.083e-08 8.548e-08 ( 0.03%)  
U63                     3.970e-08 1.279e-08 3.378e-08 8.627e-08 ( 0.03%)  
U59                     3.969e-08 2.528e-08 3.378e-08 9.875e-08 ( 0.03%)  
U62                     3.969e-08 2.528e-08 3.378e-08 9.875e-08 ( 0.03%)  
U64                     3.969e-08 2.528e-08 3.378e-08 9.875e-08 ( 0.03%)  
U57                     3.922e-08 2.528e-08 3.383e-08 9.833e-08 ( 0.03%)  
U60                     3.922e-08 2.528e-08 3.383e-08 9.833e-08 ( 0.03%)  
U922                    3.912e-08 4.741e-09 4.083e-08 8.469e-08 ( 0.03%)  
U920                    3.889e-08 4.702e-09 4.083e-08 8.443e-08 ( 0.03%)  
U918                    3.869e-08 4.640e-09 4.083e-08 8.416e-08 ( 0.03%)  
U915                    3.869e-08 4.640e-09 4.083e-08 8.416e-08 ( 0.03%)  
U916                    3.869e-08 4.640e-09 4.083e-08 8.416e-08 ( 0.03%)  
U277                    3.861e-08 1.060e-10 3.006e-08 6.877e-08 ( 0.02%)  
U1362                   3.684e-08 1.318e-08 3.293e-08 8.295e-08 ( 0.03%)  
U250                    3.626e-08 6.940e-09 3.418e-08 7.738e-08 ( 0.03%)  
U1181                   3.600e-08 4.205e-09 4.083e-08 8.103e-08 ( 0.03%)  
U252                    3.528e-08 5.730e-09 3.175e-08 7.275e-08 ( 0.03%)  
U1325                   3.483e-08 1.342e-08 3.276e-08 8.101e-08 ( 0.03%)  
U1335                   3.479e-08 7.873e-09 3.408e-08 7.675e-08 ( 0.03%)  
U1341                   3.470e-08 7.873e-09 3.408e-08 7.665e-08 ( 0.03%)  
C4030                   3.435e-08 8.256e-09 3.586e-08 7.846e-08 ( 0.03%)  
U1350                   3.430e-08 1.558e-08 3.631e-08 8.619e-08 ( 0.03%)  
U271                    3.422e-08 1.058e-10 3.610e-08 7.043e-08 ( 0.02%)  
U270                    3.385e-08 1.058e-10 3.609e-08 7.005e-08 ( 0.02%)  
U258                    3.361e-08 6.641e-09 3.422e-08 7.446e-08 ( 0.03%)  
U264                    3.360e-08 1.057e-10 3.623e-08 6.993e-08 ( 0.02%)  
U266                    3.356e-08 1.057e-10 3.614e-08 6.981e-08 ( 0.02%)  
U268                    3.350e-08 1.057e-10 3.611e-08 6.972e-08 ( 0.02%)  
C2660                   3.333e-08 6.247e-09 3.547e-08 7.504e-08 ( 0.03%)  
U924                    3.332e-08 3.748e-09 4.083e-08 7.790e-08 ( 0.03%)  
U925                    3.332e-08 3.748e-09 4.083e-08 7.790e-08 ( 0.03%)  
U1346                   3.316e-08 1.057e-10 4.155e-08 7.482e-08 ( 0.03%)  
U1319                   3.312e-08 1.057e-10 4.157e-08 7.479e-08 ( 0.03%)  
C848                    3.307e-08 1.350e-08 3.561e-08 8.218e-08 ( 0.03%)  
C3990                   3.305e-08 6.869e-09 3.483e-08 7.475e-08 ( 0.03%)  
C4160                   3.304e-08 6.870e-09 3.563e-08 7.554e-08 ( 0.03%)  
C3991                   3.302e-08 6.870e-09 3.483e-08 7.472e-08 ( 0.03%)  
C4159                   3.301e-08 5.831e-09 3.563e-08 7.447e-08 ( 0.03%)  
C441                    3.301e-08 6.135e-09 3.564e-08 7.478e-08 ( 0.03%)  
C633                    3.297e-08 6.998e-09 3.563e-08 7.560e-08 ( 0.03%)  
C672                    3.297e-08 6.998e-09 3.562e-08 7.560e-08 ( 0.03%)  
C659                    3.297e-08 6.998e-09 3.562e-08 7.559e-08 ( 0.03%)  
C698                    3.297e-08 6.998e-09 3.562e-08 7.559e-08 ( 0.03%)  
C607                    3.297e-08 6.998e-09 3.562e-08 7.559e-08 ( 0.03%)  
C2799                   3.296e-08 8.256e-09 3.580e-08 7.702e-08 ( 0.03%)  
C503                    3.296e-08 6.293e-09 3.562e-08 7.487e-08 ( 0.03%)  
C542                    3.294e-08 6.293e-09 3.562e-08 7.486e-08 ( 0.03%)  
C555                    3.294e-08 6.293e-09 3.562e-08 7.486e-08 ( 0.03%)  
C516                    3.294e-08 6.293e-09 3.562e-08 7.486e-08 ( 0.03%)  
C568                    3.294e-08 6.293e-09 3.562e-08 7.486e-08 ( 0.03%)  
C581                    3.294e-08 6.293e-09 3.562e-08 7.486e-08 ( 0.03%)  
C7291                   3.294e-08 5.416e-09 3.486e-08 7.322e-08 ( 0.03%)  
C506                    3.293e-08 6.848e-09 3.562e-08 7.540e-08 ( 0.03%)  
C519                    3.293e-08 6.848e-09 3.562e-08 7.540e-08 ( 0.03%)  
C558                    3.293e-08 6.848e-09 3.562e-08 7.540e-08 ( 0.03%)  
C662                    3.293e-08 6.848e-09 3.562e-08 7.540e-08 ( 0.03%)  
C609                    3.293e-08 6.848e-09 3.562e-08 7.540e-08 ( 0.03%)  
C610                    3.293e-08 6.848e-09 3.562e-08 7.540e-08 ( 0.03%)  
C661                    3.293e-08 6.848e-09 3.562e-08 7.540e-08 ( 0.03%)  
C5051                   3.293e-08 6.848e-09 3.562e-08 7.540e-08 ( 0.03%)  
C675                    3.293e-08 6.848e-09 3.562e-08 7.540e-08 ( 0.03%)  
C518                    3.293e-08 6.848e-09 3.562e-08 7.540e-08 ( 0.03%)  
C557                    3.293e-08 6.848e-09 3.562e-08 7.540e-08 ( 0.03%)  
C545                    3.293e-08 6.848e-09 3.562e-08 7.540e-08 ( 0.03%)  
C571                    3.293e-08 6.848e-09 3.562e-08 7.540e-08 ( 0.03%)  
C584                    3.293e-08 6.848e-09 3.562e-08 7.540e-08 ( 0.03%)  
C636                    3.293e-08 6.848e-09 3.562e-08 7.540e-08 ( 0.03%)  
C701                    3.293e-08 6.848e-09 3.562e-08 7.540e-08 ( 0.03%)  
C674                    3.293e-08 6.848e-09 3.562e-08 7.540e-08 ( 0.03%)  
C544                    3.293e-08 6.848e-09 3.562e-08 7.540e-08 ( 0.03%)  
C570                    3.293e-08 6.848e-09 3.562e-08 7.540e-08 ( 0.03%)  
C583                    3.293e-08 6.848e-09 3.562e-08 7.540e-08 ( 0.03%)  
C635                    3.293e-08 6.848e-09 3.562e-08 7.540e-08 ( 0.03%)  
C700                    3.293e-08 6.848e-09 3.562e-08 7.540e-08 ( 0.03%)  
C582                    3.293e-08 6.848e-09 3.562e-08 7.540e-08 ( 0.03%)  
C634                    3.293e-08 6.848e-09 3.562e-08 7.540e-08 ( 0.03%)  
C660                    3.293e-08 6.848e-09 3.562e-08 7.540e-08 ( 0.03%)  
C673                    3.293e-08 6.848e-09 3.562e-08 7.540e-08 ( 0.03%)  
C699                    3.293e-08 6.848e-09 3.562e-08 7.540e-08 ( 0.03%)  
C5041                   3.293e-08 6.848e-09 3.562e-08 7.540e-08 ( 0.03%)  
C6081                   3.293e-08 6.848e-09 3.562e-08 7.540e-08 ( 0.03%)  
C517                    3.293e-08 6.848e-09 3.562e-08 7.540e-08 ( 0.03%)  
C543                    3.293e-08 6.848e-09 3.562e-08 7.540e-08 ( 0.03%)  
C556                    3.293e-08 6.848e-09 3.562e-08 7.540e-08 ( 0.03%)  
C569                    3.293e-08 6.848e-09 3.562e-08 7.540e-08 ( 0.03%)  
C507                    3.293e-08 6.848e-09 3.562e-08 7.540e-08 ( 0.03%)  
C520                    3.293e-08 6.848e-09 3.562e-08 7.540e-08 ( 0.03%)  
C546                    3.293e-08 6.848e-09 3.562e-08 7.540e-08 ( 0.03%)  
C559                    3.293e-08 6.848e-09 3.562e-08 7.540e-08 ( 0.03%)  
C585                    3.293e-08 6.848e-09 3.562e-08 7.540e-08 ( 0.03%)  
C611                    3.293e-08 6.848e-09 3.562e-08 7.540e-08 ( 0.03%)  
C637                    3.293e-08 6.848e-09 3.562e-08 7.540e-08 ( 0.03%)  
C663                    3.293e-08 6.848e-09 3.562e-08 7.540e-08 ( 0.03%)  
C676                    3.293e-08 6.848e-09 3.562e-08 7.540e-08 ( 0.03%)  
C702                    3.293e-08 6.848e-09 3.562e-08 7.540e-08 ( 0.03%)  
C5721                   3.293e-08 6.848e-09 3.562e-08 7.540e-08 ( 0.03%)  
C7211                   3.293e-08 6.523e-09 3.486e-08 7.432e-08 ( 0.03%)  
C444                    3.288e-08 6.135e-09 3.564e-08 7.465e-08 ( 0.03%)  
C4170                   3.286e-08 5.831e-09 3.563e-08 7.433e-08 ( 0.03%)  
U1342                   3.285e-08 7.465e-09 3.562e-08 7.594e-08 ( 0.03%)  
C439                    3.270e-08 6.135e-09 3.564e-08 7.447e-08 ( 0.03%)  
C443                    3.264e-08 6.135e-09 3.564e-08 7.442e-08 ( 0.03%)  
C4048                   3.258e-08 7.135e-09 3.356e-08 7.328e-08 ( 0.03%)  
U263                    3.255e-08 1.057e-10 3.548e-08 6.814e-08 ( 0.02%)  
C912                    3.252e-08 2.612e-08 3.629e-08 9.493e-08 ( 0.03%)  
C437                    3.237e-08 6.135e-09 3.564e-08 7.414e-08 ( 0.03%)  
C436                    3.234e-08 6.135e-09 3.564e-08 7.412e-08 ( 0.03%)  
C432                    3.234e-08 6.135e-09 3.564e-08 7.412e-08 ( 0.03%)  
C434                    3.234e-08 6.135e-09 3.564e-08 7.411e-08 ( 0.03%)  
C431                    3.234e-08 6.135e-09 3.564e-08 7.411e-08 ( 0.03%)  
C435                    3.232e-08 6.135e-09 3.564e-08 7.409e-08 ( 0.03%)  
C4461                   3.231e-08 6.131e-09 3.562e-08 7.407e-08 ( 0.03%)  
U245                    3.229e-08 1.404e-08 3.759e-08 8.392e-08 ( 0.03%)  
C3826                   3.210e-08 1.428e-08 3.402e-08 8.040e-08 ( 0.03%)  
U1337                   3.175e-08 7.873e-09 3.696e-08 7.659e-08 ( 0.03%)  
U1363                   3.175e-08 7.779e-09 3.620e-08 7.573e-08 ( 0.03%)  
U527                    3.170e-08 5.816e-09 4.084e-08 7.836e-08 ( 0.03%)  
U463                    3.168e-08 5.816e-09 4.087e-08 7.837e-08 ( 0.03%)  
U460                    3.167e-08 5.816e-09 4.087e-08 7.836e-08 ( 0.03%)  
U1366                   3.167e-08 7.873e-09 3.697e-08 7.651e-08 ( 0.03%)  
C301                    3.166e-08 7.924e-09 3.697e-08 7.655e-08 ( 0.03%)  
C285                    3.162e-08 7.873e-09 3.696e-08 7.645e-08 ( 0.03%)  
C286                    3.162e-08 7.873e-09 3.696e-08 7.646e-08 ( 0.03%)  
C288                    3.162e-08 8.728e-09 3.698e-08 7.733e-08 ( 0.03%)  
C4046                   3.161e-08 6.515e-09 3.410e-08 7.223e-08 ( 0.03%)  
C283                    3.161e-08 7.873e-09 3.694e-08 7.642e-08 ( 0.03%)  
U1340                   3.160e-08 6.762e-09 3.695e-08 7.532e-08 ( 0.03%)  
C293                    3.159e-08 7.465e-09 3.695e-08 7.601e-08 ( 0.03%)  
U275                    3.155e-08 1.057e-10 3.487e-08 6.653e-08 ( 0.02%)  
U276                    3.155e-08 1.057e-10 3.487e-08 6.652e-08 ( 0.02%)  
C2960                   3.144e-08 7.135e-09 3.628e-08 7.486e-08 ( 0.03%)  
C2968                   3.137e-08 7.135e-09 3.329e-08 7.180e-08 ( 0.03%)  
C2747                   3.129e-08 8.256e-09 4.151e-08 8.106e-08 ( 0.03%)  
C2967                   3.089e-08 1.430e-08 4.366e-08 8.885e-08 ( 0.03%)  
C789                    3.077e-08 1.353e-08 3.672e-08 8.102e-08 ( 0.03%)  
U724                    3.071e-08 8.954e-08 3.587e-08 1.561e-07 ( 0.06%)  
U753                    3.071e-08 8.954e-08 3.587e-08 1.561e-07 ( 0.06%)  
U444                    3.071e-08 1.234e-08 3.671e-08 7.975e-08 ( 0.03%)  
U721                    3.071e-08 8.954e-08 3.587e-08 1.561e-07 ( 0.06%)  
U759                    3.071e-08 8.954e-08 3.587e-08 1.561e-07 ( 0.06%)  
U727                    3.070e-08 8.954e-08 3.587e-08 1.561e-07 ( 0.06%)  
U750                    3.067e-08 1.030e-07 3.586e-08 1.695e-07 ( 0.06%)  
C562                    3.066e-08 7.863e-09 3.586e-08 7.438e-08 ( 0.03%)  
C510                    3.065e-08 7.863e-09 3.585e-08 7.437e-08 ( 0.03%)  
C53                     3.065e-08 1.058e-10 3.693e-08 6.768e-08 ( 0.02%)  
U529                    3.065e-08 6.649e-09 3.672e-08 7.401e-08 ( 0.03%)  
C549                    3.065e-08 7.863e-09 3.586e-08 7.436e-08 ( 0.03%)  
C883                    3.064e-08 6.853e-09 3.673e-08 7.422e-08 ( 0.03%)  
C575                    3.064e-08 7.863e-09 3.586e-08 7.436e-08 ( 0.03%)  
C5231                   3.064e-08 7.863e-09 3.586e-08 7.436e-08 ( 0.03%)  
C705                    3.064e-08 7.863e-09 3.584e-08 7.434e-08 ( 0.03%)  
C588                    3.062e-08 7.863e-09 3.586e-08 7.434e-08 ( 0.03%)  
C849                    3.061e-08 6.848e-09 3.672e-08 7.418e-08 ( 0.03%)  
U47                     3.059e-08 5.408e-08 3.735e-08 1.220e-07 ( 0.04%)  
U449                    3.059e-08 1.233e-08 3.672e-08 7.964e-08 ( 0.03%)  
U1180                   3.055e-08 1.107e-07 3.391e-08 1.751e-07 ( 0.06%)  
C6141                   3.053e-08 7.863e-09 3.586e-08 7.425e-08 ( 0.03%)  
C666                    3.053e-08 7.863e-09 3.586e-08 7.425e-08 ( 0.03%)  
C640                    3.051e-08 7.863e-09 3.587e-08 7.425e-08 ( 0.03%)  
C679                    3.051e-08 7.863e-09 3.587e-08 7.424e-08 ( 0.03%)  
C7221                   3.050e-08 6.853e-09 3.390e-08 7.125e-08 ( 0.03%)  
C3831                   3.048e-08 2.062e-08 3.328e-08 8.438e-08 ( 0.03%)  
C881                    3.041e-08 6.131e-09 3.709e-08 7.364e-08 ( 0.03%)  
C7301                   3.041e-08 6.853e-09 3.391e-08 7.117e-08 ( 0.03%)  
add_x_89_U14            3.035e-08 4.269e-09 9.122e-08 1.258e-07 ( 0.04%)  
C3911                   3.029e-08 2.145e-08 4.372e-08 9.546e-08 ( 0.03%)  
U863                    3.006e-08 3.096e-09 4.083e-08 7.399e-08 ( 0.03%)  
U811                    3.005e-08 3.096e-09 4.083e-08 7.398e-08 ( 0.03%)  
U912                    2.989e-08 3.096e-09 4.083e-08 7.382e-08 ( 0.03%)  
U919                    2.987e-08 3.150e-09 4.083e-08 7.385e-08 ( 0.03%)  
U917                    2.975e-08 3.104e-09 4.083e-08 7.369e-08 ( 0.03%)  
C815                    2.958e-08 1.386e-08 3.935e-08 8.278e-08 ( 0.03%)  
C2830                   2.957e-08 3.969e-08 4.161e-08 1.109e-07 ( 0.04%)  
C3948                   2.935e-08 8.256e-09 3.967e-08 7.728e-08 ( 0.03%)  
C879                    2.926e-08 9.645e-08 4.022e-08 1.659e-07 ( 0.06%)  
C3957                   2.924e-08 6.388e-09 4.281e-08 7.844e-08 ( 0.03%)  
C3992                   2.918e-08 6.870e-09 3.133e-08 6.738e-08 ( 0.02%)  
C723                    2.904e-08 6.852e-09 4.259e-08 7.848e-08 ( 0.03%)  
U274                    2.903e-08 8.365e-11 3.563e-08 6.475e-08 ( 0.02%)  
C3827                   2.899e-08 1.375e-08 3.139e-08 7.413e-08 ( 0.03%)  
C731                    2.898e-08 6.852e-09 4.260e-08 7.843e-08 ( 0.03%)  
U1294                   2.848e-08 6.857e-09 3.952e-08 7.486e-08 ( 0.03%)  
U1293                   2.848e-08 7.873e-09 3.952e-08 7.587e-08 ( 0.03%)  
U1282                   2.841e-08 7.873e-09 3.954e-08 7.582e-08 ( 0.03%)  
U1338                   2.840e-08 6.857e-09 3.954e-08 7.480e-08 ( 0.03%)  
C284                    2.833e-08 7.873e-09 3.955e-08 7.576e-08 ( 0.03%)  
C287                    2.833e-08 7.873e-09 3.962e-08 7.583e-08 ( 0.03%)  
U48                     2.832e-08 4.700e-08 4.386e-08 1.192e-07 ( 0.04%)  
C508                    2.827e-08 6.848e-09 3.949e-08 7.461e-08 ( 0.03%)  
C521                    2.827e-08 6.848e-09 3.949e-08 7.461e-08 ( 0.03%)  
C547                    2.827e-08 6.848e-09 3.949e-08 7.461e-08 ( 0.03%)  
C560                    2.827e-08 6.848e-09 3.950e-08 7.462e-08 ( 0.03%)  
C586                    2.827e-08 6.848e-09 3.950e-08 7.461e-08 ( 0.03%)  
C612                    2.827e-08 6.848e-09 3.950e-08 7.462e-08 ( 0.03%)  
C638                    2.827e-08 6.848e-09 3.952e-08 7.464e-08 ( 0.03%)  
C664                    2.827e-08 6.848e-09 3.951e-08 7.462e-08 ( 0.03%)  
C677                    2.827e-08 6.848e-09 3.952e-08 7.464e-08 ( 0.03%)  
C703                    2.827e-08 6.848e-09 3.950e-08 7.462e-08 ( 0.03%)  
C5731                   2.827e-08 6.848e-09 3.949e-08 7.461e-08 ( 0.03%)  
C345                    2.826e-08 7.947e-08 4.387e-08 1.516e-07 ( 0.05%)  
C346                    2.826e-08 7.318e-08 4.387e-08 1.453e-07 ( 0.05%)  
C350                    2.826e-08 7.318e-08 4.387e-08 1.453e-07 ( 0.05%)  
C351                    2.826e-08 7.318e-08 4.387e-08 1.453e-07 ( 0.05%)  
C348                    2.826e-08 7.301e-08 4.387e-08 1.451e-07 ( 0.05%)  
C349                    2.826e-08 7.264e-08 4.387e-08 1.448e-07 ( 0.05%)  
C4161                   2.821e-08 6.870e-09 3.959e-08 7.466e-08 ( 0.03%)  
C397                    2.819e-08 2.150e-08 4.387e-08 9.356e-08 ( 0.03%)  
U1336                   2.818e-08 6.591e-09 3.951e-08 7.429e-08 ( 0.03%)  
C381                    2.818e-08 2.150e-08 4.387e-08 9.355e-08 ( 0.03%)  
C383                    2.817e-08 2.150e-08 4.387e-08 9.354e-08 ( 0.03%)  
C391                    2.817e-08 2.150e-08 4.387e-08 9.354e-08 ( 0.03%)  
C393                    2.817e-08 2.150e-08 4.387e-08 9.354e-08 ( 0.03%)  
C387                    2.817e-08 2.150e-08 4.387e-08 9.354e-08 ( 0.03%)  
C389                    2.817e-08 2.150e-08 4.387e-08 9.354e-08 ( 0.03%)  
C405                    2.816e-08 2.150e-08 4.387e-08 9.354e-08 ( 0.03%)  
C407                    2.816e-08 2.150e-08 4.387e-08 9.353e-08 ( 0.03%)  
C401                    2.816e-08 2.150e-08 4.387e-08 9.353e-08 ( 0.03%)  
C411                    2.805e-08 1.123e-08 4.387e-08 8.315e-08 ( 0.03%)  
U1365                   2.801e-08 1.254e-08 4.474e-08 8.529e-08 ( 0.03%)  
U847                    2.739e-08 3.596e-09 4.083e-08 7.182e-08 ( 0.03%)  
U849                    2.739e-08 3.596e-09 4.083e-08 7.182e-08 ( 0.03%)  
U842                    2.641e-08 3.348e-09 4.083e-08 7.059e-08 ( 0.02%)  
U1446                   2.636e-08 4.145e-09 3.997e-08 7.048e-08 ( 0.02%)  
U858                    2.600e-08 3.348e-09 4.083e-08 7.018e-08 ( 0.02%)  
U836                    2.600e-08 3.352e-09 4.083e-08 7.018e-08 ( 0.02%)  
U436                    2.583e-08 4.735e-08 5.389e-08 1.271e-07 ( 0.04%)  
U476                    2.578e-08 4.453e-09 3.538e-08 6.561e-08 ( 0.02%)  
U813                    2.577e-08 3.352e-09 4.083e-08 6.995e-08 ( 0.02%)  
U481                    2.565e-08 4.417e-09 3.524e-08 6.530e-08 ( 0.02%)  
U815                    2.557e-08 3.348e-09 4.083e-08 6.975e-08 ( 0.02%)  
U820                    2.553e-08 3.352e-09 4.083e-08 6.972e-08 ( 0.02%)  
U501                    2.538e-08 4.359e-09 3.502e-08 6.475e-08 ( 0.02%)  
U518                    2.532e-08 4.359e-09 3.500e-08 6.468e-08 ( 0.02%)  
U521                    2.527e-08 4.359e-09 3.501e-08 6.464e-08 ( 0.02%)  
U333                    2.515e-08 3.364e-08 2.854e-08 8.733e-08 ( 0.03%)  
U882                    2.465e-08 3.092e-09 4.083e-08 6.858e-08 ( 0.02%)  
U885                    2.465e-08 3.092e-09 4.083e-08 6.857e-08 ( 0.02%)  
U887                    2.465e-08 3.092e-09 4.083e-08 6.857e-08 ( 0.02%)  
U891                    2.465e-08 3.092e-09 4.083e-08 6.857e-08 ( 0.02%)  
U895                    2.465e-08 3.092e-09 4.083e-08 6.857e-08 ( 0.02%)  
U890                    2.445e-08 3.092e-09 4.083e-08 6.837e-08 ( 0.02%)  
U892                    2.445e-08 3.092e-09 4.083e-08 6.837e-08 ( 0.02%)  
U883                    2.445e-08 3.092e-09 4.083e-08 6.837e-08 ( 0.02%)  
U854                    2.419e-08 3.104e-09 4.083e-08 6.812e-08 ( 0.02%)  
U853                    2.419e-08 3.104e-09 4.083e-08 6.812e-08 ( 0.02%)  
U817                    2.417e-08 3.104e-09 4.083e-08 6.810e-08 ( 0.02%)  
U474                    2.359e-08 3.950e-09 3.335e-08 6.089e-08 ( 0.02%)  
U881                    2.351e-08 3.088e-09 4.083e-08 6.743e-08 ( 0.02%)  
U888                    2.351e-08 3.088e-09 4.083e-08 6.743e-08 ( 0.02%)  
C765                    2.292e-08 5.358e-08 5.915e-08 1.357e-07 ( 0.05%)  
U1226                   2.220e-08 3.131e-09 4.859e-08 7.392e-08 ( 0.03%)  
U1228                   2.220e-08 3.131e-09 4.859e-08 7.392e-08 ( 0.03%)  
U1227                   2.219e-08 1.030e-08 4.191e-08 7.441e-08 ( 0.03%)  
U1229                   2.219e-08 1.030e-08 4.191e-08 7.441e-08 ( 0.03%)  
U1217                   2.216e-08 2.668e-09 4.861e-08 7.344e-08 ( 0.03%)  
U1186                   2.174e-08 2.746e-08 4.063e-08 8.983e-08 ( 0.03%)  
U471                    2.171e-08 3.520e-09 3.163e-08 5.686e-08 ( 0.02%)  
U468                    2.171e-08 3.520e-09 3.162e-08 5.685e-08 ( 0.02%)  
U1190                   2.165e-08 9.751e-09 4.063e-08 7.203e-08 ( 0.03%)  
U1351                   2.152e-08 6.861e-09 1.923e-08 4.761e-08 ( 0.02%)  
U1194                   2.148e-08 1.771e-08 4.385e-08 8.305e-08 ( 0.03%)  
U1372                   2.146e-08 2.127e-08 6.416e-08 1.069e-07 ( 0.04%)  
B_310                   2.137e-08 5.544e-08 6.416e-08 1.410e-07 ( 0.05%)  
U1195                   2.137e-08 3.929e-09 4.385e-08 6.915e-08 ( 0.02%)  
U1193                   2.131e-08 1.240e-08 4.709e-08 8.081e-08 ( 0.03%)  
U1192                   2.120e-08 2.386e-08 4.301e-08 8.807e-08 ( 0.03%)  
U1191                   2.109e-08 1.459e-08 4.661e-08 8.230e-08 ( 0.03%)  
U1196                   2.104e-08 3.064e-09 4.301e-08 6.711e-08 ( 0.02%)  
U400                    2.096e-08 4.260e-09 2.931e-08 5.453e-08 ( 0.02%)  
U921                    2.062e-08 1.490e-09 4.083e-08 6.294e-08 ( 0.02%)  
U802                    2.012e-08 5.523e-08 3.622e-08 1.116e-07 ( 0.04%)  
U1223                   2.001e-08 8.900e-09 5.065e-08 7.956e-08 ( 0.03%)  
U1201                   2.000e-08 3.123e-09 5.057e-08 7.370e-08 ( 0.03%)  
U1224                   1.998e-08 8.963e-09 5.026e-08 7.921e-08 ( 0.03%)  
U267                    1.947e-08 5.384e-11 3.299e-08 5.251e-08 ( 0.02%)  
U269                    1.879e-08 5.305e-11 3.295e-08 5.179e-08 ( 0.02%)  
C3268                   1.856e-08 6.416e-09 3.068e-08 5.565e-08 ( 0.02%)  
U410                    1.835e-08 3.316e-09 4.083e-08 6.250e-08 ( 0.02%)  
C2813                   1.804e-08 3.934e-09 3.161e-08 5.359e-08 ( 0.02%)  
U265                    1.803e-08 5.106e-11 3.275e-08 5.083e-08 ( 0.02%)  
U392                    1.797e-08 3.257e-09 3.924e-08 6.047e-08 ( 0.02%)  
U251                    1.763e-08 3.130e-09 3.154e-08 5.230e-08 ( 0.02%)  
C2963                   1.724e-08 6.859e-09 2.595e-08 5.005e-08 ( 0.02%)  
U55                     1.720e-08 6.514e-09 3.470e-08 5.841e-08 ( 0.02%)  
C427                    1.717e-08 3.071e-09 2.576e-08 4.601e-08 ( 0.02%)  
C2820                   1.715e-08 7.440e-09 2.808e-08 5.267e-08 ( 0.02%)  
U383                    1.715e-08 6.235e-09 3.743e-08 6.081e-08 ( 0.02%)  
I_253                   1.712e-08 9.690e-09 1.721e-08 4.402e-08 ( 0.02%)  
C2808                   1.709e-08 3.934e-09 3.732e-08 5.835e-08 ( 0.02%)  
C2819                   1.709e-08 3.934e-09 3.732e-08 5.835e-08 ( 0.02%)  
U380                    1.698e-08 1.071e-08 2.780e-08 5.550e-08 ( 0.02%)  
C426                    1.684e-08 3.071e-09 2.575e-08 4.566e-08 ( 0.02%)  
C2987                   1.684e-08 1.376e-08 3.412e-08 6.472e-08 ( 0.02%)  
U1420                   1.678e-08 9.806e-09 2.576e-08 5.235e-08 ( 0.02%)  
C917                    1.670e-08 5.152e-08 3.522e-08 1.034e-07 ( 0.04%)  
C893                    1.656e-08 1.029e-08 3.522e-08 6.207e-08 ( 0.02%)  
C3811                   1.654e-08 6.839e-09 3.521e-08 5.860e-08 ( 0.02%)  
C3912                   1.654e-08 5.987e-09 3.482e-08 5.735e-08 ( 0.02%)  
C766                    1.652e-08 3.405e-09 3.521e-08 5.513e-08 ( 0.02%)  
C3773                   1.650e-08 3.435e-09 3.562e-08 5.555e-08 ( 0.02%)  
C3892                   1.649e-08 3.934e-09 3.483e-08 5.524e-08 ( 0.02%)  
C3271                   1.648e-08 2.668e-09 3.521e-08 5.436e-08 ( 0.02%)  
C3913                   1.648e-08 3.426e-09 3.482e-08 5.473e-08 ( 0.02%)  
C3914                   1.648e-08 3.426e-09 3.482e-08 5.473e-08 ( 0.02%)  
C3915                   1.648e-08 3.426e-09 3.482e-08 5.473e-08 ( 0.02%)  
C884                    1.647e-08 3.426e-09 3.521e-08 5.510e-08 ( 0.02%)  
C918                    1.646e-08 3.435e-09 3.521e-08 5.511e-08 ( 0.02%)  
C3248                   1.645e-08 3.964e-09 3.641e-08 5.682e-08 ( 0.02%)  
C3774                   1.644e-08 3.435e-09 3.561e-08 5.548e-08 ( 0.02%)  
U402                    1.643e-08 3.131e-09 3.522e-08 5.477e-08 ( 0.02%)  
C414                    1.641e-08 9.252e-09 2.574e-08 5.141e-08 ( 0.02%)  
C4135                   1.639e-08 3.929e-09 3.561e-08 5.593e-08 ( 0.02%)  
C419                    1.639e-08 3.071e-09 2.574e-08 4.520e-08 ( 0.02%)  
C415                    1.639e-08 3.071e-09 2.574e-08 4.520e-08 ( 0.02%)  
C417                    1.639e-08 3.071e-09 2.574e-08 4.520e-08 ( 0.02%)  
C418                    1.636e-08 3.071e-09 2.575e-08 4.519e-08 ( 0.02%)  
U413                    1.628e-08 5.806e-09 3.937e-08 6.146e-08 ( 0.02%)  
U391                    1.621e-08 3.735e-09 3.812e-08 5.807e-08 ( 0.02%)  
C2399                   1.620e-08 6.658e-09 3.343e-08 5.629e-08 ( 0.02%)  
C2687                   1.615e-08 7.909e-09 3.586e-08 5.992e-08 ( 0.02%)  
C523                    1.614e-08 3.959e-09 3.586e-08 5.596e-08 ( 0.02%)  
U1334                   1.610e-08 3.247e-09 3.557e-08 5.491e-08 ( 0.02%)  
C2386                   1.609e-08 1.190e-08 3.571e-08 6.370e-08 ( 0.02%)  
C2719                   1.598e-08 7.919e-09 3.630e-08 6.020e-08 ( 0.02%)  
C475                    1.597e-08 1.187e-08 3.248e-08 6.032e-08 ( 0.02%)  
C2860                   1.597e-08 3.939e-09 3.630e-08 5.621e-08 ( 0.02%)  
C530                    1.596e-08 7.919e-09 3.630e-08 6.018e-08 ( 0.02%)  
U1326                   1.593e-08 4.039e-09 2.770e-08 4.767e-08 ( 0.02%)  
C2809                   1.592e-08 6.379e-09 4.613e-08 6.843e-08 ( 0.02%)  
C2680                   1.590e-08 1.186e-08 3.674e-08 6.450e-08 ( 0.02%)  
C2718                   1.588e-08 7.894e-09 3.674e-08 6.052e-08 ( 0.02%)  
C531                    1.587e-08 1.301e-08 3.557e-08 6.445e-08 ( 0.02%)  
C2385                   1.587e-08 1.376e-08 3.253e-08 6.216e-08 ( 0.02%)  
C2358                   1.586e-08 1.186e-08 3.557e-08 6.328e-08 ( 0.02%)  
C3893                   1.586e-08 3.959e-09 3.486e-08 5.468e-08 ( 0.02%)  
C2861                   1.585e-08 2.711e-09 3.557e-08 5.413e-08 ( 0.02%)  
C2402                   1.583e-08 1.370e-08 3.671e-08 6.623e-08 ( 0.02%)  
C2363                   1.581e-08 1.188e-08 3.696e-08 6.465e-08 ( 0.02%)  
C2694                   1.579e-08 3.064e-09 3.557e-08 5.443e-08 ( 0.02%)  
C2381                   1.570e-08 1.195e-08 3.761e-08 6.526e-08 ( 0.02%)  
C4114                   1.563e-08 2.858e-09 3.821e-08 5.669e-08 ( 0.02%)  
C2847                   1.553e-08 3.253e-09 3.762e-08 5.640e-08 ( 0.02%)  
C878                    1.545e-08 6.517e-09 3.890e-08 6.087e-08 ( 0.02%)  
C3267                   1.537e-08 3.068e-09 3.431e-08 5.275e-08 ( 0.02%)  
C3942                   1.535e-08 3.064e-09 4.040e-08 5.882e-08 ( 0.02%)  
C3907                   1.534e-08 6.501e-09 4.039e-08 6.224e-08 ( 0.02%)  
U1353                   1.532e-08 3.782e-09 3.890e-08 5.801e-08 ( 0.02%)  
add_x_89_U13            1.527e-08 2.152e-09 9.242e-08 1.098e-07 ( 0.04%)  
C476                    1.525e-08 7.954e-09 3.829e-08 6.149e-08 ( 0.02%)  
C2725                   1.524e-08 7.029e-09 3.829e-08 6.056e-08 ( 0.02%)  
U1430                   1.515e-08 3.480e-09 3.666e-08 5.529e-08 ( 0.02%)  
U1198                   1.514e-08 3.471e-09 3.666e-08 5.527e-08 ( 0.02%)  
C2404                   1.513e-08 6.395e-09 4.116e-08 6.269e-08 ( 0.02%)  
C2410                   1.512e-08 6.340e-09 4.114e-08 6.261e-08 ( 0.02%)  
C3910                   1.507e-08 3.064e-09 4.042e-08 5.855e-08 ( 0.02%)  
U1352                   1.504e-08 3.216e-09 3.934e-08 5.759e-08 ( 0.02%)  
C2376                   1.504e-08 2.678e-09 3.653e-08 5.424e-08 ( 0.02%)  
U1148                   1.479e-08 5.164e-08 3.633e-08 1.028e-07 ( 0.04%)  
C2956                   1.476e-08 3.422e-09 3.561e-08 5.379e-08 ( 0.02%)  
U417                    1.471e-08 5.285e-11 3.345e-08 4.822e-08 ( 0.02%)  
U418                    1.471e-08 5.285e-11 3.343e-08 4.820e-08 ( 0.02%)  
C3004                   1.471e-08 3.422e-09 3.152e-08 4.965e-08 ( 0.02%)  
C4015                   1.464e-08 6.858e-09 4.065e-08 6.214e-08 ( 0.02%)  
C813                    1.464e-08 6.876e-09 4.065e-08 6.217e-08 ( 0.02%)  
C941                    1.456e-08 6.240e-09 4.067e-08 6.147e-08 ( 0.02%)  
C3853                   1.454e-08 2.908e-09 3.561e-08 5.306e-08 ( 0.02%)  
ne_x_3_U5               1.439e-08 2.136e-08 1.327e-08 4.902e-08 ( 0.02%)  
U480                    1.439e-08 5.307e-08 3.714e-08 1.046e-07 ( 0.04%)  
C828                    1.432e-08 3.430e-09 4.502e-08 6.277e-08 ( 0.02%)  
C919                    1.432e-08 3.435e-09 4.502e-08 6.277e-08 ( 0.02%)  
C825                    1.430e-08 6.770e-09 3.714e-08 5.821e-08 ( 0.02%)  
U1333                   1.429e-08 9.191e-09 2.986e-08 5.334e-08 ( 0.02%)  
C783                    1.427e-08 3.934e-09 4.492e-08 6.313e-08 ( 0.02%)  
C876                    1.425e-08 5.157e-08 4.502e-08 1.108e-07 ( 0.04%)  
U445                    1.424e-08 6.161e-09 3.715e-08 5.755e-08 ( 0.02%)  
C4005                   1.420e-08 3.929e-09 3.715e-08 5.528e-08 ( 0.02%)  
C767                    1.420e-08 3.435e-09 3.710e-08 5.474e-08 ( 0.02%)  
C3905                   1.418e-08 1.304e-08 4.615e-08 7.337e-08 ( 0.03%)  
C358                    1.417e-08 4.233e-08 4.612e-08 1.026e-07 ( 0.04%)  
C359                    1.417e-08 4.840e-08 4.612e-08 1.087e-07 ( 0.04%)  
C353                    1.417e-08 3.632e-08 4.612e-08 9.661e-08 ( 0.03%)  
C354                    1.416e-08 4.233e-08 4.612e-08 1.026e-07 ( 0.04%)  
C356                    1.416e-08 4.113e-08 4.612e-08 1.014e-07 ( 0.04%)  
C357                    1.416e-08 3.292e-08 4.612e-08 9.319e-08 ( 0.03%)  
C894                    1.415e-08 3.422e-09 3.715e-08 5.472e-08 ( 0.02%)  
C781                    1.414e-08 6.753e-09 3.713e-08 5.803e-08 ( 0.02%)  
U1161                   1.414e-08 1.252e-08 9.701e-09 3.635e-08 ( 0.01%)  
C4136                   1.413e-08 2.868e-09 3.945e-08 5.645e-08 ( 0.02%)  
C3237                   1.410e-08 1.019e-08 4.156e-08 6.585e-08 ( 0.02%)  
C888                    1.410e-08 3.934e-09 4.501e-08 6.304e-08 ( 0.02%)  
C3785                   1.409e-08 3.422e-09 4.502e-08 6.254e-08 ( 0.02%)  
U390                    1.409e-08 6.541e-09 4.848e-08 6.911e-08 ( 0.02%)  
C3916                   1.409e-08 3.426e-09 3.485e-08 5.236e-08 ( 0.02%)  
C812                    1.408e-08 6.525e-09 4.152e-08 6.213e-08 ( 0.02%)  
C827                    1.408e-08 3.944e-09 4.502e-08 6.304e-08 ( 0.02%)  
C4119                   1.407e-08 3.954e-09 3.945e-08 5.748e-08 ( 0.02%)  
C3805                   1.406e-08 3.934e-09 4.502e-08 6.301e-08 ( 0.02%)  
C3812                   1.405e-08 3.426e-09 4.502e-08 6.250e-08 ( 0.02%)  
C3786                   1.405e-08 3.422e-09 4.502e-08 6.250e-08 ( 0.02%)  
C3265                   1.404e-08 3.030e-09 4.156e-08 5.864e-08 ( 0.02%)  
C3940                   1.402e-08 3.156e-09 4.615e-08 6.333e-08 ( 0.02%)  
C913                    1.402e-08 3.929e-09 4.501e-08 6.296e-08 ( 0.02%)  
C790                    1.402e-08 3.426e-09 4.501e-08 6.246e-08 ( 0.02%)  
C850                    1.402e-08 3.426e-09 4.501e-08 6.246e-08 ( 0.02%)  
C889                    1.402e-08 3.422e-09 4.501e-08 6.245e-08 ( 0.02%)  
C769                    1.402e-08 3.934e-09 4.504e-08 6.299e-08 ( 0.02%)  
C885                    1.401e-08 3.426e-09 4.504e-08 6.247e-08 ( 0.02%)  
C792                    1.399e-08 3.929e-09 4.502e-08 6.294e-08 ( 0.02%)  
C855                    1.399e-08 3.929e-09 4.502e-08 6.294e-08 ( 0.02%)  
C898                    1.399e-08 3.929e-09 4.502e-08 6.294e-08 ( 0.02%)  
C4130                   1.399e-08 3.060e-09 4.271e-08 5.975e-08 ( 0.02%)  
C915                    1.395e-08 5.278e-11 4.501e-08 5.902e-08 ( 0.02%)  
C916                    1.395e-08 5.278e-11 4.501e-08 5.902e-08 ( 0.02%)  
U1453                   1.282e-08 1.740e-09 4.668e-08 6.125e-08 ( 0.02%)  
U1466                   1.216e-08 1.851e-08 2.276e-08 5.343e-08 ( 0.02%)  
U914                    1.208e-08    0.0000 4.083e-08 5.291e-08 ( 0.02%)  
U419                    1.163e-08 4.172e-11 3.256e-08 4.423e-08 ( 0.02%)  
I_63                    1.144e-08 1.056e-08 9.701e-09 3.169e-08 ( 0.01%)  
I_67                    1.144e-08 1.056e-08 9.701e-09 3.169e-08 ( 0.01%)  
I_83                    1.143e-08 9.452e-09 9.701e-09 3.059e-08 ( 0.01%)  
I_228                   1.142e-08 2.082e-08 9.701e-09 4.194e-08 ( 0.01%)  
I_86                    1.142e-08 2.114e-08 9.701e-09 4.226e-08 ( 0.01%)  
U388                    1.138e-08 2.831e-08 9.701e-09 4.939e-08 ( 0.02%)  
I_111                   1.137e-08 8.204e-09 1.721e-08 3.679e-08 ( 0.01%)  
U465                    1.127e-08 2.296e-09 3.537e-08 4.894e-08 ( 0.02%)  
U1178                   1.114e-08 6.332e-08 1.721e-08 9.168e-08 ( 0.03%)  
I_1212                  1.109e-08 2.122e-08 1.721e-08 4.952e-08 ( 0.02%)  
U801                    1.097e-08 1.098e-08 1.721e-08 3.916e-08 ( 0.01%)  
U807                    1.094e-08 6.275e-08 1.721e-08 9.091e-08 ( 0.03%)  
U804                    1.094e-08 6.164e-08 1.721e-08 8.980e-08 ( 0.03%)  
ne_x_3_U13              1.093e-08 9.890e-09 9.701e-09 3.052e-08 ( 0.01%)  
U805                    1.091e-08 5.971e-08 1.721e-08 8.783e-08 ( 0.03%)  
I_04                    1.091e-08 5.726e-09 1.721e-08 3.385e-08 ( 0.01%)  
U1156                   1.066e-08 1.056e-08 9.701e-09 3.092e-08 ( 0.01%)  
U1311                   1.033e-08 1.047e-07 3.622e-08 1.512e-07 ( 0.05%)  
U1312                   1.033e-08 1.068e-07 3.622e-08 1.534e-07 ( 0.05%)  
U1313                   1.033e-08 1.068e-07 3.622e-08 1.534e-07 ( 0.05%)  
U447                    9.900e-09 1.235e-08 9.439e-09 3.169e-08 ( 0.01%)  
U164                    9.545e-09 7.578e-09 2.023e-08 3.736e-08 ( 0.01%)  
U478                    9.150e-09 1.399e-09 3.000e-08 4.055e-08 ( 0.01%)  
U834                    8.867e-09 2.522e-10 4.083e-08 4.995e-08 ( 0.02%)  
U833                    8.867e-09 2.522e-10 4.083e-08 4.995e-08 ( 0.02%)  
U824                    8.861e-09 2.522e-10 4.083e-08 4.995e-08 ( 0.02%)  
U825                    8.861e-09 2.522e-10 4.083e-08 4.995e-08 ( 0.02%)  
U826                    8.861e-09 2.522e-10 4.083e-08 4.995e-08 ( 0.02%)  
U829                    8.861e-09 2.522e-10 4.083e-08 4.995e-08 ( 0.02%)  
U830                    8.861e-09 2.522e-10 4.083e-08 4.995e-08 ( 0.02%)  
U844                    8.790e-09 2.483e-10 4.083e-08 4.987e-08 ( 0.02%)  
U176                    8.474e-09 7.080e-09 1.751e-08 3.307e-08 ( 0.01%)  
U835                    8.423e-09 2.522e-10 4.083e-08 4.951e-08 ( 0.02%)  
U828                    8.417e-09 2.522e-10 4.083e-08 4.950e-08 ( 0.02%)  
U140                    8.216e-09 3.435e-09 2.238e-08 3.403e-08 ( 0.01%)  
U160                    8.216e-09 3.435e-09 2.238e-08 3.403e-08 ( 0.01%)  
U156                    8.215e-09 3.435e-09 2.237e-08 3.402e-08 ( 0.01%)  
U104                    8.215e-09 3.435e-09 2.238e-08 3.403e-08 ( 0.01%)  
U144                    8.215e-09 3.435e-09 2.238e-08 3.403e-08 ( 0.01%)  
U152                    8.215e-09 3.435e-09 2.238e-08 3.403e-08 ( 0.01%)  
U128                    8.069e-09 3.040e-08 2.237e-08 6.085e-08 ( 0.02%)  
U1179                   8.069e-09 3.040e-08 2.237e-08 6.085e-08 ( 0.02%)  
U132                    8.006e-09 3.981e-08 2.237e-08 7.019e-08 ( 0.02%)  
U120                    7.972e-09 4.483e-08 2.237e-08 7.517e-08 ( 0.03%)  
U415                    7.793e-09 2.808e-11 3.045e-08 3.827e-08 ( 0.01%)  
I_82                    7.729e-09 7.135e-09 9.701e-09 2.456e-08 ( 0.01%)  
add_x_89_U12            7.708e-09 1.092e-09 9.302e-08 1.018e-07 ( 0.04%)  
I_69                    7.665e-09 2.570e-08 9.701e-09 4.307e-08 ( 0.02%)  
U486                    7.540e-09 1.480e-09 3.150e-08 4.052e-08 ( 0.01%)  
U515                    7.471e-09 1.458e-09 3.140e-08 4.033e-08 ( 0.01%)  
I_42                    7.285e-09 1.432e-08 9.701e-09 3.131e-08 ( 0.01%)  
I_237                   7.258e-09 8.204e-09 9.701e-09 2.516e-08 ( 0.01%)  
U1160                   7.223e-09 8.213e-09 9.701e-09 2.514e-08 ( 0.01%)  
I_2012                  7.201e-09 6.131e-09 9.701e-09 2.303e-08 ( 0.01%)  
U416                    7.159e-09 2.543e-11 3.240e-08 3.959e-08 ( 0.01%)  
I_1012                  7.130e-09 2.019e-08 9.701e-09 3.702e-08 ( 0.01%)  
I_1113                  7.129e-09 2.122e-08 9.701e-09 3.805e-08 ( 0.01%)  
U1307                   7.127e-09 2.002e-08 9.701e-09 3.685e-08 ( 0.01%)  
U889                    7.088e-09 3.880e-12 4.083e-08 4.792e-08 ( 0.02%)  
I_2112                  7.051e-09 6.848e-09 9.701e-09 2.360e-08 ( 0.01%)  
U1155                   6.998e-09 1.330e-08 9.701e-09 2.999e-08 ( 0.01%)  
U1438                   6.985e-09 8.999e-08 9.701e-09 1.067e-07 ( 0.04%)  
U1138                   6.955e-09 1.264e-08 9.701e-09 2.930e-08 ( 0.01%)  
U1150                   6.949e-09 6.131e-09 9.701e-09 2.278e-08 ( 0.01%)  
U1146                   6.948e-09 6.124e-09 9.701e-09 2.277e-08 ( 0.01%)  
U1159                   6.948e-09 6.124e-09 9.701e-09 2.277e-08 ( 0.01%)  
U821                    6.945e-09    0.0000 4.083e-08 4.778e-08 ( 0.02%)  
U796                    6.931e-09 1.098e-08 9.701e-09 2.761e-08 ( 0.01%)  
U799                    6.931e-09 1.098e-08 9.701e-09 2.761e-08 ( 0.01%)  
U1207                   6.923e-09 8.303e-08 9.701e-09 9.966e-08 ( 0.04%)  
U1167                   6.923e-09 1.098e-08 9.701e-09 2.761e-08 ( 0.01%)  
U880                    6.912e-09 3.880e-12 4.083e-08 4.775e-08 ( 0.02%)  
U1204                   6.909e-09 5.691e-08 9.701e-09 7.352e-08 ( 0.03%)  
U894                    6.904e-09 3.880e-12 4.083e-08 4.774e-08 ( 0.02%)  
U1309                   6.846e-09 6.207e-08 9.701e-09 7.861e-08 ( 0.03%)  
U1310                   6.846e-09 6.207e-08 9.701e-09 7.861e-08 ( 0.03%)  
U1308                   6.775e-09 7.454e-08 9.701e-09 9.102e-08 ( 0.03%)  
U1452                   6.578e-09 8.743e-10 4.668e-08 5.414e-08 ( 0.02%)  
U832                    6.538e-09    0.0000 4.083e-08 4.737e-08 ( 0.02%)  
U831                    6.532e-09    0.0000 4.083e-08 4.736e-08 ( 0.02%)  
U1327                   6.528e-09 6.967e-09 2.277e-08 3.626e-08 ( 0.01%)  
U837                    6.521e-09    0.0000 4.083e-08 4.735e-08 ( 0.02%)  
U827                    6.518e-09    0.0000 4.083e-08 4.735e-08 ( 0.02%)  
U167                    6.454e-09 3.437e-09 7.680e-09 1.757e-08 ( 0.01%)  
U175                    6.277e-09 3.754e-09 9.842e-09 1.987e-08 ( 0.01%)  
U884                    6.178e-09    0.0000 4.083e-08 4.701e-08 ( 0.02%)  
U893                    6.178e-09    0.0000 4.083e-08 4.701e-08 ( 0.02%)  
U860                    6.096e-09    0.0000 4.083e-08 4.693e-08 ( 0.02%)  
U822                    6.095e-09    0.0000 4.083e-08 4.693e-08 ( 0.02%)  
U823                    6.095e-09    0.0000 4.083e-08 4.693e-08 ( 0.02%)  
U838                    6.095e-09    0.0000 4.083e-08 4.693e-08 ( 0.02%)  
U839                    6.095e-09    0.0000 4.083e-08 4.693e-08 ( 0.02%)  
U840                    6.095e-09    0.0000 4.083e-08 4.693e-08 ( 0.02%)  
U841                    6.095e-09    0.0000 4.083e-08 4.693e-08 ( 0.02%)  
U843                    6.095e-09    0.0000 4.083e-08 4.693e-08 ( 0.02%)  
U845                    6.095e-09    0.0000 4.083e-08 4.693e-08 ( 0.02%)  
U846                    6.095e-09    0.0000 4.083e-08 4.693e-08 ( 0.02%)  
U848                    6.095e-09    0.0000 4.083e-08 4.693e-08 ( 0.02%)  
U850                    6.095e-09    0.0000 4.083e-08 4.693e-08 ( 0.02%)  
U851                    6.095e-09    0.0000 4.083e-08 4.693e-08 ( 0.02%)  
U852                    6.095e-09    0.0000 4.083e-08 4.693e-08 ( 0.02%)  
U855                    6.095e-09    0.0000 4.083e-08 4.693e-08 ( 0.02%)  
U856                    6.095e-09    0.0000 4.083e-08 4.693e-08 ( 0.02%)  
U857                    6.095e-09    0.0000 4.083e-08 4.693e-08 ( 0.02%)  
U859                    6.095e-09    0.0000 4.083e-08 4.693e-08 ( 0.02%)  
U861                    6.095e-09    0.0000 4.083e-08 4.693e-08 ( 0.02%)  
U862                    6.095e-09    0.0000 4.083e-08 4.693e-08 ( 0.02%)  
U819                    6.090e-09    0.0000 4.083e-08 4.692e-08 ( 0.02%)  
U816                    6.089e-09    0.0000 4.083e-08 4.692e-08 ( 0.02%)  
U818                    6.089e-09    0.0000 4.083e-08 4.692e-08 ( 0.02%)  
U192                    6.065e-09 6.649e-09 2.280e-08 3.551e-08 ( 0.01%)  
U184                    6.034e-09 2.998e-09 2.280e-08 3.183e-08 ( 0.01%)  
U51                     6.000e-09 1.665e-08 2.280e-08 4.545e-08 ( 0.02%)  
U179                    5.998e-09 3.200e-09 1.517e-08 2.437e-08 ( 0.01%)  
U886                    5.996e-09    0.0000 4.083e-08 4.683e-08 ( 0.02%)  
U814                    5.993e-09    0.0000 4.083e-08 4.683e-08 ( 0.02%)  
U1211                   5.515e-09 2.410e-08 7.728e-09 3.734e-08 ( 0.01%)  
I_2610                  5.499e-09 6.933e-09 1.721e-08 2.965e-08 ( 0.01%)  
I_47                    5.495e-09 6.839e-09 1.721e-08 2.955e-08 ( 0.01%)  
U159                    5.402e-09 2.959e-09 7.351e-09 1.571e-08 ( 0.01%)  
U143                    5.357e-09 2.959e-09 7.350e-09 1.567e-08 ( 0.01%)  
U155                    5.357e-09 2.959e-09 7.350e-09 1.567e-08 ( 0.01%)  
U163                    5.357e-09 2.959e-09 7.350e-09 1.567e-08 ( 0.01%)  
U107                    5.357e-09 2.959e-09 7.351e-09 1.567e-08 ( 0.01%)  
U147                    5.357e-09 2.959e-09 7.351e-09 1.567e-08 ( 0.01%)  
U131                    5.334e-09 2.959e-09 7.341e-09 1.563e-08 ( 0.01%)  
U115                    5.334e-09 2.959e-09 7.341e-09 1.563e-08 ( 0.01%)  
U123                    5.334e-09 2.959e-09 7.341e-09 1.563e-08 ( 0.01%)  
U135                    5.334e-09 2.959e-09 7.341e-09 1.563e-08 ( 0.01%)  
U56                     5.316e-09 3.057e-09 8.565e-09 1.694e-08 ( 0.01%)  
U422                    5.309e-09 1.894e-11 3.082e-08 3.615e-08 ( 0.01%)  
U1197                   5.272e-09 2.664e-09 9.454e-09 1.739e-08 ( 0.01%)  
U405                    5.023e-09 6.395e-09 7.508e-09 1.893e-08 ( 0.01%)  
U791                    4.195e-09 5.508e-09 9.701e-09 1.940e-08 ( 0.01%)  
U788                    4.063e-09 5.508e-09 9.701e-09 1.927e-08 ( 0.01%)  
add_x_89_U11            3.890e-09 5.568e-10 9.332e-08 9.777e-08 ( 0.03%)  
U789                    3.825e-09 5.508e-09 9.701e-09 1.903e-08 ( 0.01%)  
I_12                    3.772e-09 3.714e-09 9.701e-09 1.719e-08 ( 0.01%)  
U1421                   3.767e-09 8.599e-09 9.701e-09 2.207e-08 ( 0.01%)  
U1434                   3.707e-09 6.143e-09 9.701e-09 1.955e-08 ( 0.01%)  
I_44                    3.706e-09 3.426e-09 9.701e-09 1.683e-08 ( 0.01%)  
I_135                   3.604e-09 3.426e-09 9.701e-09 1.673e-08 ( 0.01%)  
U1303                   3.601e-09 3.316e-09 9.701e-09 1.662e-08 ( 0.01%)  
U786                    3.526e-09 5.488e-09 9.701e-09 1.871e-08 ( 0.01%)  
I_2212                  3.521e-09 3.075e-09 9.701e-09 1.630e-08 ( 0.01%)  
U1170                   3.514e-09 6.822e-09 9.701e-09 2.004e-08 ( 0.01%)  
I_260                   3.511e-09 5.807e-09 9.701e-09 1.902e-08 ( 0.01%)  
U177                    3.497e-09 3.177e-09 9.701e-09 1.637e-08 ( 0.01%)  
I_391                   3.485e-09 3.071e-09 9.701e-09 1.626e-08 ( 0.01%)  
U1149                   3.476e-09 3.064e-09 9.701e-09 1.624e-08 ( 0.01%)  
U186                    3.476e-09 3.471e-09 9.701e-09 1.665e-08 ( 0.01%)  
I_261                   3.474e-09 2.861e-09 9.701e-09 1.604e-08 ( 0.01%)  
U448                    3.472e-09 2.665e-09 9.701e-09 1.584e-08 ( 0.01%)  
I_1100                  3.472e-09 3.435e-09 9.701e-09 1.661e-08 ( 0.01%)  
U404                    3.467e-09 3.316e-09 9.701e-09 1.648e-08 ( 0.01%)  
U181                    3.465e-09 2.903e-09 9.701e-09 1.607e-08 ( 0.01%)  
I_142                   3.463e-09 3.068e-09 9.701e-09 1.623e-08 ( 0.01%)  
I_236                   3.458e-09 3.064e-09 9.701e-09 1.622e-08 ( 0.01%)  
U1233                   3.435e-09 2.616e-08 9.701e-09 3.930e-08 ( 0.01%)  
U36                     3.433e-09 5.152e-08 9.701e-09 6.465e-08 ( 0.02%)  
U1188                   3.316e-09 4.162e-08 9.701e-09 5.463e-08 ( 0.02%)  
U1304                   3.307e-09 4.966e-08 9.701e-09 6.267e-08 ( 0.02%)  
U420                    3.142e-09 1.113e-11 3.023e-08 3.338e-08 ( 0.01%)  
U421                    3.142e-09 1.113e-11 3.022e-08 3.337e-08 ( 0.01%)  
U1451                   3.140e-09 4.350e-10 4.406e-08 4.763e-08 ( 0.02%)  
U1464                   3.048e-09 4.639e-09 2.326e-08 3.095e-08 ( 0.01%)  
C2996                   2.314e-09    0.0000 3.411e-08 3.642e-08 ( 0.01%)  
U1209                   2.191e-09    0.0000 3.867e-08 4.086e-08 ( 0.01%)  
C2986                   2.156e-09    0.0000 3.620e-08 3.836e-08 ( 0.01%)  
C2966                   2.120e-09    0.0000 3.403e-08 3.615e-08 ( 0.01%)  
C2961                   2.048e-09    0.0000 2.782e-08 2.987e-08 ( 0.01%)  
add_x_89_U10            2.006e-09 2.874e-10 9.343e-08 9.572e-08 ( 0.03%)  
U45                     2.003e-09 2.301e-11 2.781e-08 2.983e-08 ( 0.01%)  
C2814                   2.000e-09    0.0000 3.555e-08 3.755e-08 ( 0.01%)  
U393                    1.935e-09    0.0000 6.665e-08 6.859e-08 ( 0.02%)  
U1450                   1.871e-09 2.218e-10 4.668e-08 4.878e-08 ( 0.02%)  
U370                    1.870e-09    0.0000 2.593e-08 2.779e-08 ( 0.01%)  
U40                     1.782e-09    0.0000 2.776e-08 2.954e-08 ( 0.01%)  
U42                     1.782e-09    0.0000 2.776e-08 2.954e-08 ( 0.01%)  
U58                     1.776e-09 3.044e-11 2.821e-08 3.001e-08 ( 0.01%)  
C1891                   1.729e-09    0.0000 2.775e-08 2.948e-08 ( 0.01%)  
C2989                   1.729e-09    0.0000 2.775e-08 2.948e-08 ( 0.01%)  
U384                    1.729e-09    0.0000 2.775e-08 2.948e-08 ( 0.01%)  
U385                    1.729e-09    0.0000 2.775e-08 2.948e-08 ( 0.01%)  
U239                    1.708e-09    0.0000 2.764e-08 2.935e-08 ( 0.01%)  
C2990                   1.672e-09    0.0000 2.586e-08 2.754e-08 ( 0.01%)  
U376                    1.666e-09    0.0000 2.779e-08 2.945e-08 ( 0.01%)  
U378                    1.666e-09    0.0000 2.779e-08 2.945e-08 ( 0.01%)  
C2993                   1.665e-09    0.0000 2.776e-08 2.942e-08 ( 0.01%)  
C2994                   1.665e-09    0.0000 2.776e-08 2.942e-08 ( 0.01%)  
C3958                   1.549e-09    0.0000 3.628e-08 3.783e-08 ( 0.01%)  
U1462                   1.536e-09 2.337e-09 2.326e-08 2.714e-08 ( 0.01%)  
U500                    1.499e-09    0.0000 3.262e-08 3.412e-08 ( 0.01%)  
U61                     1.491e-09    0.0000 2.816e-08 2.965e-08 ( 0.01%)  
C420                    1.398e-09 7.678e-12 2.574e-08 2.715e-08 ( 0.01%)  
U235                    1.372e-09 7.416e-12 5.398e-09 6.778e-09 ( 0.00%)  
U203                    1.372e-09 8.311e-12 5.398e-09 6.779e-09 ( 0.00%)  
U1200                   1.363e-09    0.0000 4.476e-08 4.612e-08 ( 0.02%)  
C3993                   1.334e-09    0.0000 2.582e-08 2.716e-08 ( 0.01%)  
C429                    1.330e-09    0.0000 2.567e-08 2.700e-08 ( 0.01%)  
C424                    1.324e-09 7.678e-12 2.577e-08 2.710e-08 ( 0.01%)  
U505                    1.305e-09    0.0000 5.393e-09 6.698e-09 ( 0.00%)  
U53                     1.240e-09    0.0000 4.581e-09 5.820e-09 ( 0.00%)  
U536                    1.223e-09    0.0000 2.554e-08 2.676e-08 ( 0.01%)  
U535                    1.223e-09    0.0000 2.553e-08 2.676e-08 ( 0.01%)  
U533                    1.223e-09    0.0000 2.554e-08 2.677e-08 ( 0.01%)  
U534                    1.223e-09    0.0000 2.554e-08 2.677e-08 ( 0.01%)  
U531                    1.222e-09    0.0000 2.552e-08 2.674e-08 ( 0.01%)  
C3003                   1.189e-09    0.0000 3.550e-08 3.669e-08 ( 0.01%)  
U494                    1.156e-09    0.0000 2.678e-08 2.793e-08 ( 0.01%)  
C3825                   1.149e-09 4.702e-11 3.140e-08 3.259e-08 ( 0.01%)  
U374                    1.124e-09    0.0000 2.578e-08 2.691e-08 ( 0.01%)  
U375                    1.124e-09    0.0000 2.578e-08 2.691e-08 ( 0.01%)  
C2387                   1.099e-09 1.608e-11 3.246e-08 3.357e-08 ( 0.01%)  
C572                    1.090e-09 9.879e-12 4.121e-08 4.231e-08 ( 0.01%)  
U1439                   1.088e-09    0.0000 4.221e-08 4.330e-08 ( 0.02%)  
C2824                   1.084e-09    0.0000 3.152e-08 3.260e-08 ( 0.01%)  
C911                    1.083e-09    0.0000 2.562e-08 2.671e-08 ( 0.01%)  
U27                     1.074e-09    0.0000 3.320e-08 3.427e-08 ( 0.01%)  
U1213                   1.065e-09    0.0000 3.577e-08 3.684e-08 ( 0.01%)  
C2362                   1.064e-09 8.607e-12 3.544e-08 3.651e-08 ( 0.01%)  
U496                    1.062e-09    0.0000 2.673e-08 2.779e-08 ( 0.01%)  
U498                    1.062e-09    0.0000 2.673e-08 2.779e-08 ( 0.01%)  
C2393                   1.061e-09    0.0000 3.247e-08 3.353e-08 ( 0.01%)  
C2653                   1.058e-09    0.0000 3.541e-08 3.647e-08 ( 0.01%)  
C2839                   1.058e-09    0.0000 3.541e-08 3.647e-08 ( 0.01%)  
C445                    1.057e-09 9.860e-12 3.542e-08 3.649e-08 ( 0.01%)  
U25                     1.049e-09    0.0000 3.320e-08 3.425e-08 ( 0.01%)  
U29                     1.049e-09    0.0000 3.320e-08 3.425e-08 ( 0.01%)  
U35                     1.049e-09    0.0000 3.320e-08 3.425e-08 ( 0.01%)  
U33                     1.049e-09    0.0000 3.320e-08 3.425e-08 ( 0.01%)  
C2357                   1.041e-09    0.0000 4.118e-08 4.222e-08 ( 0.01%)  
U22                     1.041e-09    0.0000 3.320e-08 3.424e-08 ( 0.01%)  
U282                    1.041e-09 3.415e-11 2.682e-08 2.789e-08 ( 0.01%)  
U297                    1.041e-09 3.153e-11 2.682e-08 2.789e-08 ( 0.01%)  
U288                    1.041e-09 3.153e-11 2.682e-08 2.789e-08 ( 0.01%)  
U303                    1.041e-09 3.006e-11 2.682e-08 2.789e-08 ( 0.01%)  
U425                    1.041e-09 3.050e-11 2.682e-08 2.789e-08 ( 0.01%)  
U15                     1.039e-09    0.0000 3.319e-08 3.423e-08 ( 0.01%)  
U11                     1.039e-09    0.0000 3.319e-08 3.423e-08 ( 0.01%)  
U5                      1.031e-09    0.0000 3.319e-08 3.422e-08 ( 0.01%)  
U17                     1.031e-09    0.0000 3.319e-08 3.422e-08 ( 0.01%)  
U9                      1.031e-09    0.0000 3.319e-08 3.422e-08 ( 0.01%)  
U1331                   1.031e-09    0.0000 2.681e-08 2.784e-08 ( 0.01%)  
U1187                   1.026e-09    0.0000 3.944e-08 4.047e-08 ( 0.01%)  
U524                    1.020e-09    0.0000 2.719e-08 2.821e-08 ( 0.01%)  
U311                    1.016e-09    0.0000 2.796e-08 2.898e-08 ( 0.01%)  
add_x_89_U9             1.007e-09 1.525e-10 9.343e-08 9.459e-08 ( 0.03%)  
U281                    9.975e-10    0.0000 2.796e-08 2.896e-08 ( 0.01%)  
U302                    9.975e-10    0.0000 2.796e-08 2.896e-08 ( 0.01%)  
U308                    9.975e-10    0.0000 2.796e-08 2.896e-08 ( 0.01%)  
U314                    9.975e-10    0.0000 2.796e-08 2.896e-08 ( 0.01%)  
U431                    9.975e-10    0.0000 2.796e-08 2.896e-08 ( 0.01%)  
U317                    9.910e-10    0.0000 2.795e-08 2.894e-08 ( 0.01%)  
U287                    9.910e-10    0.0000 2.795e-08 2.894e-08 ( 0.01%)  
U296                    9.910e-10    0.0000 2.795e-08 2.894e-08 ( 0.01%)  
U434                    9.910e-10    0.0000 2.795e-08 2.894e-08 ( 0.01%)  
C2964                   9.842e-10    0.0000 3.140e-08 3.238e-08 ( 0.01%)  
C734                    9.816e-10 9.860e-12 3.597e-08 3.696e-08 ( 0.01%)  
C7261                   9.594e-10 9.860e-12 3.593e-08 3.690e-08 ( 0.01%)  
U873                    9.246e-10    0.0000 4.083e-08 4.176e-08 ( 0.01%)  
U1183                   9.193e-10    0.0000 4.083e-08 4.175e-08 ( 0.01%)  
U878                    9.097e-10    0.0000 4.083e-08 4.174e-08 ( 0.01%)  
U875                    9.094e-10    0.0000 4.083e-08 4.174e-08 ( 0.01%)  
U864                    9.058e-10    0.0000 4.083e-08 4.174e-08 ( 0.01%)  
U877                    9.054e-10    0.0000 4.083e-08 4.174e-08 ( 0.01%)  
U866                    8.993e-10    0.0000 4.083e-08 4.173e-08 ( 0.01%)  
U868                    8.993e-10    0.0000 4.083e-08 4.173e-08 ( 0.01%)  
U869                    8.993e-10    0.0000 4.083e-08 4.173e-08 ( 0.01%)  
U870                    8.993e-10    0.0000 4.083e-08 4.173e-08 ( 0.01%)  
U871                    8.993e-10    0.0000 4.083e-08 4.173e-08 ( 0.01%)  
U509                    8.900e-10    0.0000 2.564e-08 2.653e-08 ( 0.01%)  
U103                    8.578e-10    0.0000 4.092e-09 4.949e-09 ( 0.00%)  
U530                    8.386e-10    0.0000 2.690e-08 2.774e-08 ( 0.01%)  
U1444                   8.240e-10 8.700e-12 5.059e-08 5.142e-08 ( 0.02%)  
U1442                   8.240e-10 8.700e-12 5.059e-08 5.142e-08 ( 0.02%)  
U1443                   8.240e-10 8.700e-12 5.059e-08 5.143e-08 ( 0.02%)  
U538                    8.217e-10    0.0000 2.688e-08 2.770e-08 ( 0.01%)  
U1356                   8.206e-10 1.141e-11 3.059e-08 3.142e-08 ( 0.01%)  
U573                    8.138e-10    0.0000 2.693e-08 2.774e-08 ( 0.01%)  
U544                    8.135e-10    0.0000 2.694e-08 2.775e-08 ( 0.01%)  
U562                    8.118e-10    0.0000 2.691e-08 2.772e-08 ( 0.01%)  
U261                    8.036e-10    0.0000 2.669e-08 2.750e-08 ( 0.01%)  
U1449                   7.860e-10 1.087e-10 4.403e-08 4.493e-08 ( 0.02%)  
U1360                   7.775e-10    0.0000 3.657e-08 3.734e-08 ( 0.01%)  
U492                    7.770e-10    0.0000 2.558e-08 2.636e-08 ( 0.01%)  
U1139                   7.745e-10    0.0000 2.323e-08 2.401e-08 ( 0.01%)  
U1460                   7.681e-10 1.168e-09 2.326e-08 2.520e-08 ( 0.01%)  
C2375                   7.679e-10 3.918e-12 4.065e-08 4.143e-08 ( 0.01%)  
U19                     7.659e-10    0.0000 2.815e-08 2.892e-08 ( 0.01%)  
U3                      7.656e-10    0.0000 2.815e-08 2.892e-08 ( 0.01%)  
U7                      7.656e-10    0.0000 2.815e-08 2.892e-08 ( 0.01%)  
U540                    7.656e-10    0.0000 2.447e-08 2.523e-08 ( 0.01%)  
U559                    7.656e-10    0.0000 2.447e-08 2.523e-08 ( 0.01%)  
U578                    7.656e-10    0.0000 2.447e-08 2.523e-08 ( 0.01%)  
U597                    7.656e-10    0.0000 2.447e-08 2.523e-08 ( 0.01%)  
U614                    7.656e-10    0.0000 2.447e-08 2.523e-08 ( 0.01%)  
U631                    7.656e-10    0.0000 2.447e-08 2.523e-08 ( 0.01%)  
U648                    7.656e-10    0.0000 2.447e-08 2.523e-08 ( 0.01%)  
U665                    7.656e-10    0.0000 2.447e-08 2.523e-08 ( 0.01%)  
U682                    7.656e-10    0.0000 2.447e-08 2.523e-08 ( 0.01%)  
U699                    7.656e-10    0.0000 2.447e-08 2.523e-08 ( 0.01%)  
U716                    7.656e-10    0.0000 2.447e-08 2.523e-08 ( 0.01%)  
U749                    7.656e-10    0.0000 2.447e-08 2.523e-08 ( 0.01%)  
U257                    7.595e-10    0.0000 3.402e-08 3.478e-08 ( 0.01%)  
U437                    7.576e-10    0.0000 2.447e-08 2.523e-08 ( 0.01%)  
U438                    7.576e-10    0.0000 2.447e-08 2.523e-08 ( 0.01%)  
U439                    7.576e-10    0.0000 2.447e-08 2.523e-08 ( 0.01%)  
U541                    7.576e-10    0.0000 2.447e-08 2.523e-08 ( 0.01%)  
U543                    7.576e-10    0.0000 2.447e-08 2.523e-08 ( 0.01%)  
U545                    7.576e-10    0.0000 2.447e-08 2.523e-08 ( 0.01%)  
U546                    7.576e-10    0.0000 2.447e-08 2.523e-08 ( 0.01%)  
U547                    7.576e-10    0.0000 2.447e-08 2.523e-08 ( 0.01%)  
U560                    7.576e-10    0.0000 2.447e-08 2.523e-08 ( 0.01%)  
U563                    7.576e-10    0.0000 2.447e-08 2.523e-08 ( 0.01%)  
U564                    7.576e-10    0.0000 2.447e-08 2.523e-08 ( 0.01%)  
U565                    7.576e-10    0.0000 2.447e-08 2.523e-08 ( 0.01%)  
U566                    7.576e-10    0.0000 2.447e-08 2.523e-08 ( 0.01%)  
U579                    7.576e-10    0.0000 2.447e-08 2.523e-08 ( 0.01%)  
U582                    7.576e-10    0.0000 2.447e-08 2.523e-08 ( 0.01%)  
U583                    7.576e-10    0.0000 2.447e-08 2.523e-08 ( 0.01%)  
U584                    7.576e-10    0.0000 2.447e-08 2.523e-08 ( 0.01%)  
U585                    7.576e-10    0.0000 2.447e-08 2.523e-08 ( 0.01%)  
U598                    7.576e-10    0.0000 2.447e-08 2.523e-08 ( 0.01%)  
U600                    7.576e-10    0.0000 2.447e-08 2.523e-08 ( 0.01%)  
U601                    7.576e-10    0.0000 2.447e-08 2.523e-08 ( 0.01%)  
U602                    7.576e-10    0.0000 2.447e-08 2.523e-08 ( 0.01%)  
U603                    7.576e-10    0.0000 2.447e-08 2.523e-08 ( 0.01%)  
U615                    7.576e-10    0.0000 2.447e-08 2.523e-08 ( 0.01%)  
U617                    7.576e-10    0.0000 2.447e-08 2.523e-08 ( 0.01%)  
U618                    7.576e-10    0.0000 2.447e-08 2.523e-08 ( 0.01%)  
U619                    7.576e-10    0.0000 2.447e-08 2.523e-08 ( 0.01%)  
U620                    7.576e-10    0.0000 2.447e-08 2.523e-08 ( 0.01%)  
U632                    7.576e-10    0.0000 2.447e-08 2.523e-08 ( 0.01%)  
U634                    7.576e-10    0.0000 2.447e-08 2.523e-08 ( 0.01%)  
U635                    7.576e-10    0.0000 2.447e-08 2.523e-08 ( 0.01%)  
U636                    7.576e-10    0.0000 2.447e-08 2.523e-08 ( 0.01%)  
U637                    7.576e-10    0.0000 2.447e-08 2.523e-08 ( 0.01%)  
U649                    7.576e-10    0.0000 2.447e-08 2.523e-08 ( 0.01%)  
U651                    7.576e-10    0.0000 2.447e-08 2.523e-08 ( 0.01%)  
U652                    7.576e-10    0.0000 2.447e-08 2.523e-08 ( 0.01%)  
U653                    7.576e-10    0.0000 2.447e-08 2.523e-08 ( 0.01%)  
U654                    7.576e-10    0.0000 2.447e-08 2.523e-08 ( 0.01%)  
U666                    7.576e-10    0.0000 2.447e-08 2.523e-08 ( 0.01%)  
U668                    7.576e-10    0.0000 2.447e-08 2.523e-08 ( 0.01%)  
U669                    7.576e-10    0.0000 2.447e-08 2.523e-08 ( 0.01%)  
U670                    7.576e-10    0.0000 2.447e-08 2.523e-08 ( 0.01%)  
U671                    7.576e-10    0.0000 2.447e-08 2.523e-08 ( 0.01%)  
U683                    7.576e-10    0.0000 2.447e-08 2.523e-08 ( 0.01%)  
U685                    7.576e-10    0.0000 2.447e-08 2.523e-08 ( 0.01%)  
U686                    7.576e-10    0.0000 2.447e-08 2.523e-08 ( 0.01%)  
U687                    7.576e-10    0.0000 2.447e-08 2.523e-08 ( 0.01%)  
U688                    7.576e-10    0.0000 2.447e-08 2.523e-08 ( 0.01%)  
U700                    7.576e-10    0.0000 2.447e-08 2.523e-08 ( 0.01%)  
U702                    7.576e-10    0.0000 2.447e-08 2.523e-08 ( 0.01%)  
U703                    7.576e-10    0.0000 2.447e-08 2.523e-08 ( 0.01%)  
U704                    7.576e-10    0.0000 2.447e-08 2.523e-08 ( 0.01%)  
U705                    7.576e-10    0.0000 2.447e-08 2.523e-08 ( 0.01%)  
U717                    7.576e-10    0.0000 2.447e-08 2.523e-08 ( 0.01%)  
U719                    7.576e-10    0.0000 2.447e-08 2.523e-08 ( 0.01%)  
U720                    7.576e-10    0.0000 2.447e-08 2.523e-08 ( 0.01%)  
U723                    7.576e-10    0.0000 2.447e-08 2.523e-08 ( 0.01%)  
U726                    7.576e-10    0.0000 2.447e-08 2.523e-08 ( 0.01%)  
U752                    7.576e-10    0.0000 2.447e-08 2.523e-08 ( 0.01%)  
U758                    7.576e-10    0.0000 2.447e-08 2.523e-08 ( 0.01%)  
U13                     7.575e-10    0.0000 2.815e-08 2.891e-08 ( 0.01%)  
C3908                   7.574e-10    0.0000 4.607e-08 4.683e-08 ( 0.02%)  
U31                     7.572e-10    0.0000 2.815e-08 2.891e-08 ( 0.01%)  
C2438                   7.566e-10    0.0000 3.260e-08 3.335e-08 ( 0.01%)  
U510                    7.445e-10    0.0000 2.675e-08 2.750e-08 ( 0.01%)  
U299                    7.369e-10    0.0000 2.322e-08 2.396e-08 ( 0.01%)  
U427                    7.369e-10    0.0000 2.322e-08 2.396e-08 ( 0.01%)  
U284                    7.366e-10    0.0000 2.322e-08 2.396e-08 ( 0.01%)  
U290                    7.366e-10    0.0000 2.322e-08 2.396e-08 ( 0.01%)  
U305                    7.366e-10    0.0000 2.322e-08 2.396e-08 ( 0.01%)  
U1429                   7.078e-10    0.0000 4.252e-08 4.323e-08 ( 0.02%)  
U1425                   7.075e-10    0.0000 4.253e-08 4.323e-08 ( 0.02%)  
U1412                   7.075e-10    0.0000 4.253e-08 4.323e-08 ( 0.02%)  
U1414                   7.075e-10    0.0000 4.253e-08 4.323e-08 ( 0.02%)  
U1415                   7.075e-10    0.0000 4.253e-08 4.323e-08 ( 0.02%)  
U1416                   7.075e-10    0.0000 4.253e-08 4.323e-08 ( 0.02%)  
U1417                   7.075e-10    0.0000 4.253e-08 4.323e-08 ( 0.02%)  
U1427                   7.075e-10    0.0000 4.253e-08 4.323e-08 ( 0.02%)  
U1428                   7.075e-10    0.0000 4.253e-08 4.323e-08 ( 0.02%)  
U1413                   7.075e-10    0.0000 4.252e-08 4.323e-08 ( 0.02%)  
U1423                   7.075e-10    0.0000 4.252e-08 4.323e-08 ( 0.02%)  
U1426                   7.075e-10    0.0000 4.252e-08 4.323e-08 ( 0.02%)  
U739                    7.021e-10 1.568e-10 5.585e-08 5.671e-08 ( 0.02%)  
U54                     6.952e-10    0.0000 3.282e-08 3.352e-08 ( 0.01%)  
U1153                   6.747e-10    0.0000 2.597e-08 2.664e-08 ( 0.01%)  
C2954                   6.652e-10    0.0000 3.560e-08 3.627e-08 ( 0.01%)  
U1436                   6.626e-10    0.0000 3.548e-08 3.615e-08 ( 0.01%)  
U1445                   6.536e-10 8.700e-12 5.064e-08 5.130e-08 ( 0.02%)  
U1440                   6.536e-10 7.923e-12 5.064e-08 5.130e-08 ( 0.02%)  
C2999                   6.490e-10    0.0000 3.550e-08 3.615e-08 ( 0.01%)  
C3000                   6.489e-10    0.0000 3.150e-08 3.215e-08 ( 0.01%)  
C2744                   6.414e-10    0.0000 4.313e-08 4.377e-08 ( 0.02%)  
C2532                   6.142e-10 1.521e-11 2.332e-08 2.395e-08 ( 0.01%)  
U248                    6.090e-10    0.0000 3.191e-08 3.252e-08 ( 0.01%)  
C325                    6.040e-10    0.0000 4.474e-08 4.535e-08 ( 0.02%)  
C464                    5.936e-10    0.0000 2.321e-08 2.380e-08 ( 0.01%)  
C726                    5.936e-10    0.0000 2.321e-08 2.380e-08 ( 0.01%)  
C757                    5.936e-10    0.0000 2.321e-08 2.380e-08 ( 0.01%)  
C763                    5.936e-10    0.0000 2.321e-08 2.380e-08 ( 0.01%)  
C772                    5.936e-10    0.0000 2.321e-08 2.380e-08 ( 0.01%)  
C795                    5.936e-10    0.0000 2.321e-08 2.380e-08 ( 0.01%)  
C858                    5.936e-10    0.0000 2.321e-08 2.380e-08 ( 0.01%)  
U191                    5.924e-10 7.416e-12 6.821e-09 7.420e-09 ( 0.00%)  
C602                    5.922e-10 1.247e-11 3.142e-08 3.203e-08 ( 0.01%)  
C2697                   5.883e-10 2.404e-11 4.272e-08 4.333e-08 ( 0.02%)  
U1222                   5.806e-10 8.255e-12 3.221e-08 3.280e-08 ( 0.01%)  
add_x_89_U8             5.765e-10 9.231e-11 9.370e-08 9.437e-08 ( 0.03%)  
C578                    5.750e-10 1.112e-10 3.894e-08 3.962e-08 ( 0.01%)  
U1225                   5.701e-10 1.693e-11 3.427e-08 3.486e-08 ( 0.01%)  
C3824                   5.633e-10    0.0000 3.138e-08 3.194e-08 ( 0.01%)  
C3828                   5.633e-10    0.0000 3.138e-08 3.194e-08 ( 0.01%)  
C3829                   5.633e-10    0.0000 3.138e-08 3.194e-08 ( 0.01%)  
C3830                   5.633e-10    0.0000 3.138e-08 3.194e-08 ( 0.01%)  
U1219                   5.622e-10 2.839e-11 3.829e-08 3.888e-08 ( 0.01%)  
C2743                   5.621e-10    0.0000 2.782e-08 2.838e-08 ( 0.01%)  
U38                     5.594e-10 3.881e-12 3.154e-08 3.210e-08 ( 0.01%)  
C573                    5.566e-10 1.989e-11 3.894e-08 3.951e-08 ( 0.01%)  
C3791                   5.554e-10    0.0000 2.317e-08 2.372e-08 ( 0.01%)  
C3784                   5.518e-10    0.0000 2.321e-08 2.376e-08 ( 0.01%)  
C746                    5.502e-10    0.0000 2.323e-08 2.378e-08 ( 0.01%)  
C755                    5.502e-10    0.0000 2.323e-08 2.378e-08 ( 0.01%)  
C778                    5.502e-10    0.0000 2.323e-08 2.378e-08 ( 0.01%)  
C840                    5.502e-10    0.0000 2.323e-08 2.378e-08 ( 0.01%)  
C446                    5.486e-10 8.311e-12 3.528e-08 3.584e-08 ( 0.01%)  
C753                    5.483e-10    0.0000 2.318e-08 2.372e-08 ( 0.01%)  
C762                    5.483e-10    0.0000 2.318e-08 2.372e-08 ( 0.01%)  
C823                    5.483e-10    0.0000 2.318e-08 2.372e-08 ( 0.01%)  
C846                    5.483e-10    0.0000 2.318e-08 2.372e-08 ( 0.01%)  
C2382                   5.473e-10 7.678e-12 2.962e-08 3.017e-08 ( 0.01%)  
C342                    5.466e-10    0.0000 3.148e-08 3.202e-08 ( 0.01%)  
C2036                   5.461e-10    0.0000 2.321e-08 2.376e-08 ( 0.01%)  
C758                    5.435e-10    0.0000 2.322e-08 2.377e-08 ( 0.01%)  
C3782                   5.408e-10    0.0000 2.321e-08 2.375e-08 ( 0.01%)  
C3792                   5.408e-10    0.0000 2.321e-08 2.375e-08 ( 0.01%)  
C3804                   5.408e-10    0.0000 2.321e-08 2.375e-08 ( 0.01%)  
C3001                   5.402e-10    0.0000 2.088e-08 2.142e-08 ( 0.01%)  
C3002                   5.402e-10    0.0000 2.088e-08 2.142e-08 ( 0.01%)  
U379                    5.391e-10    0.0000 2.087e-08 2.141e-08 ( 0.01%)  
U381                    5.391e-10    0.0000 2.087e-08 2.141e-08 ( 0.01%)  
U493                    5.385e-10    0.0000 2.979e-08 3.033e-08 ( 0.01%)  
U1218                   5.351e-10    0.0000 4.219e-08 4.273e-08 ( 0.02%)  
U1215                   5.338e-10    0.0000 4.219e-08 4.272e-08 ( 0.02%)  
C9                      5.322e-10    0.0000 2.956e-08 3.009e-08 ( 0.01%)  
C577                    5.313e-10 9.212e-12 3.528e-08 3.582e-08 ( 0.01%)  
U1448                   5.282e-10 5.655e-11 4.573e-08 4.631e-08 ( 0.02%)  
U1221                   5.280e-10    0.0000 4.623e-08 4.676e-08 ( 0.02%)  
C761                    5.218e-10    0.0000 2.320e-08 2.373e-08 ( 0.01%)  
C31                     5.170e-10    0.0000 3.500e-08 3.552e-08 ( 0.01%)  
C2789                   5.163e-10    0.0000 3.149e-08 3.200e-08 ( 0.01%)  
U50                     5.121e-10    0.0000 3.315e-08 3.366e-08 ( 0.01%)  
C2784                   5.112e-10    0.0000 3.528e-08 3.579e-08 ( 0.01%)  
C2423                   5.111e-10    0.0000 2.956e-08 3.007e-08 ( 0.01%)  
C2654                   5.110e-10    0.0000 3.528e-08 3.579e-08 ( 0.01%)  
C2758                   5.110e-10    0.0000 3.528e-08 3.579e-08 ( 0.01%)  
C2840                   5.110e-10    0.0000 3.528e-08 3.579e-08 ( 0.01%)  
C2359                   5.103e-10    0.0000 2.958e-08 3.009e-08 ( 0.01%)  
U1214                   5.101e-10    0.0000 3.829e-08 3.880e-08 ( 0.01%)  
U1216                   5.101e-10    0.0000 3.829e-08 3.880e-08 ( 0.01%)  
C2364                   5.098e-10    0.0000 3.138e-08 3.189e-08 ( 0.01%)  
C619                    5.090e-10 9.860e-12 3.097e-08 3.149e-08 ( 0.01%)  
U1405                   5.077e-10 2.499e-11 3.103e-08 3.156e-08 ( 0.01%)  
C515                    4.832e-10 9.860e-12 3.096e-08 3.145e-08 ( 0.01%)  
U757                    4.758e-10 2.480e-11 2.650e-08 2.700e-08 ( 0.01%)  
U403                    4.725e-10    0.0000 2.565e-08 2.612e-08 ( 0.01%)  
C528                    4.691e-10 9.860e-12 3.096e-08 3.144e-08 ( 0.01%)  
C580                    4.691e-10 9.860e-12 3.096e-08 3.144e-08 ( 0.01%)  
C593                    4.691e-10 9.860e-12 3.096e-08 3.144e-08 ( 0.01%)  
C554                    4.687e-10 9.860e-12 3.096e-08 3.144e-08 ( 0.01%)  
C567                    4.676e-10 9.860e-12 3.096e-08 3.144e-08 ( 0.01%)  
U231                    4.519e-10 7.416e-12 7.965e-10 1.256e-09 ( 0.00%)  
C645                    4.495e-10 9.860e-12 3.098e-08 3.144e-08 ( 0.01%)  
C684                    4.491e-10 9.860e-12 3.098e-08 3.144e-08 ( 0.01%)  
C671                    4.477e-10 9.860e-12 3.095e-08 3.141e-08 ( 0.01%)  
U139                    4.465e-10    0.0000 2.351e-09 2.797e-09 ( 0.00%)  
U111                    4.465e-10    0.0000 2.351e-09 2.797e-09 ( 0.00%)  
U119                    4.462e-10    0.0000 2.351e-09 2.797e-09 ( 0.00%)  
U127                    4.462e-10    0.0000 2.351e-09 2.797e-09 ( 0.00%)  
U151                    4.462e-10    0.0000 2.351e-09 2.797e-09 ( 0.00%)  
C710                    4.409e-10 9.860e-12 3.098e-08 3.143e-08 ( 0.01%)  
C2962                   4.388e-10    0.0000 3.138e-08 3.182e-08 ( 0.01%)  
U187                    4.296e-10    0.0000 2.340e-09 2.770e-09 ( 0.00%)  
U171                    4.273e-10    0.0000 2.358e-09 2.785e-09 ( 0.00%)  
C3842                   4.264e-10    0.0000 3.561e-08 3.603e-08 ( 0.01%)  
C3843                   4.264e-10    0.0000 3.561e-08 3.603e-08 ( 0.01%)  
C3845                   4.264e-10    0.0000 3.561e-08 3.603e-08 ( 0.01%)  
C3846                   4.264e-10    0.0000 3.561e-08 3.603e-08 ( 0.01%)  
C3847                   4.264e-10    0.0000 3.561e-08 3.603e-08 ( 0.01%)  
C3848                   4.264e-10    0.0000 3.561e-08 3.603e-08 ( 0.01%)  
C3849                   4.264e-10    0.0000 3.561e-08 3.603e-08 ( 0.01%)  
C3850                   4.264e-10    0.0000 3.561e-08 3.603e-08 ( 0.01%)  
C3851                   4.264e-10    0.0000 3.561e-08 3.603e-08 ( 0.01%)  
C3852                   4.264e-10    0.0000 3.561e-08 3.603e-08 ( 0.01%)  
C3955                   4.264e-10    0.0000 3.561e-08 3.603e-08 ( 0.01%)  
C512                    4.203e-10    0.0000 3.092e-08 3.134e-08 ( 0.01%)  
C513                    4.084e-10    0.0000 3.093e-08 3.134e-08 ( 0.01%)  
C527                    4.084e-10    0.0000 3.093e-08 3.134e-08 ( 0.01%)  
C605                    4.084e-10    0.0000 3.093e-08 3.134e-08 ( 0.01%)  
C629                    4.084e-10    0.0000 3.093e-08 3.134e-08 ( 0.01%)  
C565                    4.070e-10    0.0000 3.094e-08 3.134e-08 ( 0.01%)  
C670                    4.070e-10    0.0000 3.094e-08 3.134e-08 ( 0.01%)  
C681                    4.070e-10    0.0000 3.094e-08 3.134e-08 ( 0.01%)  
C525                    4.064e-10    0.0000 3.094e-08 3.134e-08 ( 0.01%)  
C617                    4.064e-10    0.0000 3.094e-08 3.134e-08 ( 0.01%)  
C539                    4.056e-10    0.0000 3.094e-08 3.134e-08 ( 0.01%)  
C644                    4.056e-10    0.0000 3.094e-08 3.134e-08 ( 0.01%)  
C655                    4.056e-10    0.0000 3.094e-08 3.134e-08 ( 0.01%)  
C694                    4.056e-10    0.0000 3.094e-08 3.134e-08 ( 0.01%)  
C5781                   4.056e-10    0.0000 3.094e-08 3.134e-08 ( 0.01%)  
C6831                   4.056e-10    0.0000 3.094e-08 3.134e-08 ( 0.01%)  
C538                    4.054e-10    0.0000 3.094e-08 3.134e-08 ( 0.01%)  
C564                    4.054e-10    0.0000 3.094e-08 3.134e-08 ( 0.01%)  
C590                    4.054e-10    0.0000 3.094e-08 3.134e-08 ( 0.01%)  
C603                    4.054e-10    0.0000 3.094e-08 3.134e-08 ( 0.01%)  
C630                    4.054e-10    0.0000 3.094e-08 3.134e-08 ( 0.01%)  
C656                    4.054e-10    0.0000 3.094e-08 3.134e-08 ( 0.01%)  
C669                    4.054e-10    0.0000 3.094e-08 3.134e-08 ( 0.01%)  
C695                    4.054e-10    0.0000 3.094e-08 3.134e-08 ( 0.01%)  
C5771                   4.054e-10    0.0000 3.094e-08 3.134e-08 ( 0.01%)  
C6821                   4.054e-10    0.0000 3.094e-08 3.134e-08 ( 0.01%)  
C604                    4.044e-10    0.0000 3.094e-08 3.134e-08 ( 0.01%)  
C709                    4.044e-10    0.0000 3.094e-08 3.134e-08 ( 0.01%)  
U1458                   3.956e-10 6.016e-10 2.326e-08 2.426e-08 ( 0.01%)  
C511                    3.940e-10    0.0000 3.104e-08 3.144e-08 ( 0.01%)  
C667                    3.935e-10    0.0000 3.112e-08 3.152e-08 ( 0.01%)  
C563                    3.935e-10    0.0000 3.107e-08 3.146e-08 ( 0.01%)  
C576                    3.934e-10    0.0000 3.105e-08 3.145e-08 ( 0.01%)  
C5241                   3.934e-10    0.0000 3.106e-08 3.145e-08 ( 0.01%)  
C550                    3.934e-10    0.0000 3.105e-08 3.145e-08 ( 0.01%)  
C615                    3.934e-10    0.0000 3.114e-08 3.153e-08 ( 0.01%)  
C589                    3.933e-10    0.0000 3.106e-08 3.145e-08 ( 0.01%)  
C680                    3.933e-10    0.0000 3.116e-08 3.155e-08 ( 0.01%)  
C641                    3.932e-10    0.0000 3.117e-08 3.156e-08 ( 0.01%)  
C706                    3.905e-10    0.0000 3.104e-08 3.143e-08 ( 0.01%)  
U394                    3.630e-10    0.0000 2.690e-08 2.727e-08 ( 0.01%)  
U389                    3.559e-10    0.0000 2.945e-08 2.980e-08 ( 0.01%)  
U1465                   3.456e-10    0.0000 7.360e-09 7.705e-09 ( 0.00%)  
U1459                   3.452e-10    0.0000 7.366e-09 7.711e-09 ( 0.00%)  
U1463                   3.403e-10    0.0000 7.342e-09 7.682e-09 ( 0.00%)  
U1283                   3.330e-10 1.562e-10 5.591e-08 5.640e-08 ( 0.02%)  
U506                    3.325e-10    0.0000 4.042e-08 4.075e-08 ( 0.01%)  
add_x_89_U7             3.315e-10 6.223e-11 9.340e-08 9.380e-08 ( 0.03%)  
U1231                   3.143e-10 1.666e-11 3.960e-08 3.993e-08 ( 0.01%)  
C2501                   3.079e-10 7.603e-12 2.687e-08 2.719e-08 ( 0.01%)  
U489                    3.060e-10    0.0000 3.480e-08 3.510e-08 ( 0.01%)  
U490                    3.060e-10    0.0000 3.480e-08 3.510e-08 ( 0.01%)  
U491                    3.060e-10    0.0000 3.480e-08 3.510e-08 ( 0.01%)  
U483                    3.054e-10    0.0000 3.480e-08 3.510e-08 ( 0.01%)  
U731                    3.046e-10 3.267e-11 2.908e-08 2.941e-08 ( 0.01%)  
U537                    2.991e-10    0.0000 2.249e-08 2.279e-08 ( 0.01%)  
U532                    2.991e-10    0.0000 2.249e-08 2.279e-08 ( 0.01%)  
C810                    2.978e-10 1.855e-10 6.286e-08 6.334e-08 ( 0.02%)  
U441                    2.931e-10    0.0000 2.692e-08 2.721e-08 ( 0.01%)  
U549                    2.931e-10    0.0000 2.692e-08 2.721e-08 ( 0.01%)  
U568                    2.931e-10    0.0000 2.692e-08 2.721e-08 ( 0.01%)  
U587                    2.931e-10    0.0000 2.692e-08 2.721e-08 ( 0.01%)  
U605                    2.931e-10    0.0000 2.692e-08 2.721e-08 ( 0.01%)  
U622                    2.931e-10    0.0000 2.692e-08 2.721e-08 ( 0.01%)  
U639                    2.931e-10    0.0000 2.692e-08 2.721e-08 ( 0.01%)  
U656                    2.931e-10    0.0000 2.692e-08 2.721e-08 ( 0.01%)  
U673                    2.931e-10    0.0000 2.692e-08 2.721e-08 ( 0.01%)  
U690                    2.931e-10    0.0000 2.692e-08 2.721e-08 ( 0.01%)  
U707                    2.931e-10    0.0000 2.692e-08 2.721e-08 ( 0.01%)  
U732                    2.931e-10    0.0000 2.692e-08 2.721e-08 ( 0.01%)  
U495                    2.924e-10    0.0000 2.971e-08 3.001e-08 ( 0.01%)  
U497                    2.924e-10    0.0000 2.971e-08 3.001e-08 ( 0.01%)  
U253                    2.877e-10    0.0000 3.305e-08 3.334e-08 ( 0.01%)  
U453                    2.824e-10    0.0000 2.694e-08 2.722e-08 ( 0.01%)  
U554                    2.824e-10    0.0000 2.694e-08 2.722e-08 ( 0.01%)  
U574                    2.824e-10    0.0000 2.694e-08 2.722e-08 ( 0.01%)  
U593                    2.824e-10    0.0000 2.694e-08 2.722e-08 ( 0.01%)  
U610                    2.824e-10    0.0000 2.694e-08 2.722e-08 ( 0.01%)  
U627                    2.824e-10    0.0000 2.694e-08 2.722e-08 ( 0.01%)  
U644                    2.824e-10    0.0000 2.694e-08 2.722e-08 ( 0.01%)  
U661                    2.824e-10    0.0000 2.694e-08 2.722e-08 ( 0.01%)  
U678                    2.824e-10    0.0000 2.694e-08 2.722e-08 ( 0.01%)  
U695                    2.824e-10    0.0000 2.694e-08 2.722e-08 ( 0.01%)  
U712                    2.824e-10    0.0000 2.694e-08 2.722e-08 ( 0.01%)  
U742                    2.824e-10    0.0000 2.694e-08 2.722e-08 ( 0.01%)  
U551                    2.821e-10    0.0000 2.694e-08 2.723e-08 ( 0.01%)  
U570                    2.821e-10    0.0000 2.694e-08 2.723e-08 ( 0.01%)  
U589                    2.821e-10    0.0000 2.694e-08 2.723e-08 ( 0.01%)  
U607                    2.821e-10    0.0000 2.694e-08 2.723e-08 ( 0.01%)  
U624                    2.821e-10    0.0000 2.694e-08 2.723e-08 ( 0.01%)  
U641                    2.821e-10    0.0000 2.694e-08 2.723e-08 ( 0.01%)  
U658                    2.821e-10    0.0000 2.694e-08 2.723e-08 ( 0.01%)  
U675                    2.821e-10    0.0000 2.694e-08 2.723e-08 ( 0.01%)  
U692                    2.821e-10    0.0000 2.694e-08 2.723e-08 ( 0.01%)  
U709                    2.821e-10    0.0000 2.694e-08 2.723e-08 ( 0.01%)  
U736                    2.821e-10    0.0000 2.694e-08 2.723e-08 ( 0.01%)  
U1284                   2.821e-10    0.0000 2.694e-08 2.723e-08 ( 0.01%)  
U557                    2.786e-10    0.0000 2.692e-08 2.720e-08 ( 0.01%)  
U576                    2.786e-10    0.0000 2.692e-08 2.720e-08 ( 0.01%)  
U595                    2.786e-10    0.0000 2.692e-08 2.720e-08 ( 0.01%)  
U612                    2.786e-10    0.0000 2.692e-08 2.720e-08 ( 0.01%)  
U629                    2.786e-10    0.0000 2.692e-08 2.720e-08 ( 0.01%)  
U646                    2.786e-10    0.0000 2.692e-08 2.720e-08 ( 0.01%)  
U663                    2.786e-10    0.0000 2.692e-08 2.720e-08 ( 0.01%)  
U680                    2.786e-10    0.0000 2.692e-08 2.720e-08 ( 0.01%)  
U697                    2.786e-10    0.0000 2.692e-08 2.720e-08 ( 0.01%)  
U714                    2.786e-10    0.0000 2.692e-08 2.720e-08 ( 0.01%)  
U746                    2.786e-10    0.0000 2.692e-08 2.720e-08 ( 0.01%)  
U1272                   2.786e-10    0.0000 2.692e-08 2.720e-08 ( 0.01%)  
U553                    2.782e-10    0.0000 2.693e-08 2.720e-08 ( 0.01%)  
U572                    2.782e-10    0.0000 2.693e-08 2.720e-08 ( 0.01%)  
U592                    2.782e-10    0.0000 2.693e-08 2.720e-08 ( 0.01%)  
U609                    2.782e-10    0.0000 2.693e-08 2.720e-08 ( 0.01%)  
U626                    2.782e-10    0.0000 2.693e-08 2.720e-08 ( 0.01%)  
U643                    2.782e-10    0.0000 2.693e-08 2.720e-08 ( 0.01%)  
U660                    2.782e-10    0.0000 2.693e-08 2.720e-08 ( 0.01%)  
U677                    2.782e-10    0.0000 2.693e-08 2.720e-08 ( 0.01%)  
U694                    2.782e-10    0.0000 2.693e-08 2.720e-08 ( 0.01%)  
U711                    2.782e-10    0.0000 2.693e-08 2.720e-08 ( 0.01%)  
U740                    2.782e-10    0.0000 2.693e-08 2.720e-08 ( 0.01%)  
U1270                   2.782e-10    0.0000 2.693e-08 2.720e-08 ( 0.01%)  
C7521                   2.762e-10    0.0000 2.587e-08 2.615e-08 ( 0.01%)  
U254                    2.758e-10    0.0000 3.307e-08 3.335e-08 ( 0.01%)  
C2005                   2.731e-10    0.0000 2.680e-08 2.707e-08 ( 0.01%)  
U424                    2.666e-10 7.678e-12 3.299e-08 3.326e-08 ( 0.01%)  
add_x_89_U6             2.442e-10 4.483e-11 9.445e-08 9.474e-08 ( 0.03%)  
U1232                   2.392e-10    0.0000 4.457e-08 4.481e-08 ( 0.02%)  
U1422                   2.392e-10    0.0000 4.457e-08 4.481e-08 ( 0.02%)  
U1418                   2.387e-10    0.0000 4.456e-08 4.480e-08 ( 0.02%)  
C4004                   2.296e-10    0.0000 2.580e-08 2.603e-08 ( 0.01%)  
C15                     2.271e-10 4.155e-12 4.110e-08 4.133e-08 ( 0.01%)  
C3943                   2.247e-10    0.0000 4.610e-08 4.633e-08 ( 0.02%)  
C4131                   2.216e-10    0.0000 3.608e-08 3.630e-08 ( 0.01%)  
C561                    2.208e-10    0.0000 2.089e-08 2.111e-08 ( 0.01%)  
U52                     2.200e-10    0.0000 2.779e-08 2.801e-08 ( 0.01%)  
C548                    2.198e-10    0.0000 2.088e-08 2.110e-08 ( 0.01%)  
C5221                   2.197e-10    0.0000 2.088e-08 2.110e-08 ( 0.01%)  
C5741                   2.197e-10    0.0000 2.088e-08 2.110e-08 ( 0.01%)  
C2439                   2.114e-10    0.0000 3.597e-08 3.619e-08 ( 0.01%)  
C509                    2.084e-10    0.0000 2.089e-08 2.110e-08 ( 0.01%)  
U484                    2.047e-10    0.0000 3.485e-08 3.505e-08 ( 0.01%)  
C665                    1.992e-10    0.0000 2.088e-08 2.108e-08 ( 0.01%)  
U1456                   1.980e-10 3.008e-10 2.328e-08 2.378e-08 ( 0.01%)  
C4128                   1.978e-10    0.0000 3.607e-08 3.627e-08 ( 0.01%)  
C613                    1.938e-10    0.0000 2.090e-08 2.110e-08 ( 0.01%)  
C678                    1.937e-10    0.0000 2.088e-08 2.107e-08 ( 0.01%)  
U1455                   1.900e-10 2.610e-11 4.412e-08 4.434e-08 ( 0.02%)  
U249                    1.873e-10    0.0000 2.971e-08 2.990e-08 ( 0.01%)  
add_x_89_U4             1.815e-10 4.149e-11 9.534e-08 9.556e-08 ( 0.03%)  
add_x_89_U5             1.815e-10 4.149e-11 9.534e-08 9.556e-08 ( 0.03%)  
add_x_89_U3             1.805e-10 3.076e-11 9.189e-08 9.210e-08 ( 0.03%)  
C3234                   1.754e-10    0.0000 2.586e-08 2.603e-08 ( 0.01%)  
C2470                   1.726e-10 8.587e-12 2.687e-08 2.705e-08 ( 0.01%)  
U1212                   1.675e-10 7.923e-12 4.044e-09 4.220e-09 ( 0.00%)  
U780                    1.588e-10 1.920e-11 5.146e-08 5.164e-08 ( 0.02%)  
U768                    1.588e-10 1.920e-11 5.146e-08 5.164e-08 ( 0.02%)  
U777                    1.588e-10 1.920e-11 5.146e-08 5.164e-08 ( 0.02%)  
C450                    1.575e-10 1.920e-11 5.016e-08 5.034e-08 ( 0.02%)  
C455                    1.575e-10 1.920e-11 5.016e-08 5.034e-08 ( 0.02%)  
U199                    1.574e-10    0.0000 4.005e-09 4.163e-09 ( 0.00%)  
U195                    1.470e-10    0.0000 4.018e-09 4.165e-09 ( 0.00%)  
C1974                   1.372e-10    0.0000 2.679e-08 2.693e-08 ( 0.01%)  
U232                    1.242e-10 1.851e-10 2.329e-08 2.360e-08 ( 0.01%)  
C24391                  1.057e-10 8.587e-12 2.688e-08 2.700e-08 ( 0.01%)  
U508                    1.012e-10    0.0000 2.365e-08 2.376e-08 ( 0.01%)  
add_x_89_U2             9.453e-11 2.443e-11 9.062e-08 9.074e-08 ( 0.03%)  
U555                    8.901e-11    0.0000 2.252e-08 2.261e-08 ( 0.01%)  
C2519                   8.263e-11 1.870e-11 3.482e-08 3.492e-08 ( 0.01%)  
C2520                   8.259e-11 1.717e-11 3.482e-08 3.492e-08 ( 0.01%)  
C2521                   8.259e-11 1.717e-11 3.482e-08 3.492e-08 ( 0.01%)  
C2522                   8.259e-11 1.717e-11 3.482e-08 3.492e-08 ( 0.01%)  
C2523                   8.259e-11 1.717e-11 3.482e-08 3.492e-08 ( 0.01%)  
C2524                   8.259e-11 1.717e-11 3.482e-08 3.492e-08 ( 0.01%)  
C2525                   8.259e-11 1.717e-11 3.482e-08 3.492e-08 ( 0.01%)  
C2526                   8.259e-11 1.717e-11 3.482e-08 3.492e-08 ( 0.01%)  
C2527                   8.259e-11 1.717e-11 3.482e-08 3.492e-08 ( 0.01%)  
C2528                   8.259e-11 1.717e-11 3.482e-08 3.492e-08 ( 0.01%)  
C2529                   8.259e-11 1.717e-11 3.482e-08 3.492e-08 ( 0.01%)  
C2530                   8.229e-11 1.717e-11 3.482e-08 3.492e-08 ( 0.01%)  
U228                    7.177e-11 9.982e-11 2.323e-08 2.340e-08 ( 0.01%)  
C24081                  7.152e-11 8.587e-12 2.687e-08 2.695e-08 ( 0.01%)  
U1343                   7.106e-11 2.986e-11 3.073e-08 3.083e-08 ( 0.01%)  
C1943                   6.964e-11    0.0000 2.680e-08 2.687e-08 ( 0.01%)  
U1344                   6.563e-11 1.717e-11 2.826e-08 2.834e-08 ( 0.01%)  
U1424                   6.463e-11 2.557e-11 5.327e-08 5.336e-08 ( 0.02%)  
U1263                   6.459e-11 2.557e-11 5.327e-08 5.336e-08 ( 0.02%)  
U1265                   6.458e-11 3.472e-11 5.327e-08 5.337e-08 ( 0.02%)  
C775                    6.220e-11 2.545e-11 3.483e-08 3.491e-08 ( 0.01%)  
U528                    6.214e-11 7.958e-12 5.913e-08 5.920e-08 ( 0.02%)  
C328                    6.201e-11 8.576e-12 5.016e-08 5.023e-08 ( 0.02%)  
U1259                   6.201e-11 8.576e-12 5.016e-08 5.023e-08 ( 0.02%)  
C835                    6.194e-11 1.288e-11 3.483e-08 3.490e-08 ( 0.01%)  
C834                    6.194e-11 1.286e-11 3.483e-08 3.490e-08 ( 0.01%)  
C836                    6.194e-11 1.288e-11 3.483e-08 3.490e-08 ( 0.01%)  
C776                    6.183e-11 1.288e-11 3.483e-08 3.490e-08 ( 0.01%)  
C4451                   6.140e-11 1.152e-11 3.486e-08 3.493e-08 ( 0.01%)  
C440                    6.043e-11 1.152e-11 3.486e-08 3.493e-08 ( 0.01%)  
C744                    5.979e-11 2.571e-11 3.483e-08 3.492e-08 ( 0.01%)  
C837                    5.977e-11 1.288e-11 3.483e-08 3.490e-08 ( 0.01%)  
C442                    5.911e-11 1.152e-11 3.486e-08 3.493e-08 ( 0.01%)  
C433                    5.801e-11 1.152e-11 3.486e-08 3.493e-08 ( 0.01%)  
C438                    5.790e-11 1.152e-11 3.486e-08 3.493e-08 ( 0.01%)  
C3769                   5.756e-11 1.152e-11 4.040e-08 4.047e-08 ( 0.01%)  
U298                    5.671e-11 8.153e-12 2.365e-08 2.372e-08 ( 0.01%)  
U283                    5.632e-11 8.153e-12 2.365e-08 2.372e-08 ( 0.01%)  
U304                    5.632e-11 8.153e-12 2.365e-08 2.372e-08 ( 0.01%)  
U289                    5.632e-11 8.153e-12 2.365e-08 2.372e-08 ( 0.01%)  
U426                    5.631e-11 8.153e-12 2.365e-08 2.372e-08 ( 0.01%)  
U1357                   5.591e-11 1.141e-11 3.483e-08 3.490e-08 ( 0.01%)  
U316                    5.579e-11 8.153e-12 2.366e-08 2.373e-08 ( 0.01%)  
C23771                  5.563e-11 8.587e-12 2.697e-08 2.703e-08 ( 0.01%)  
U301                    5.563e-11 8.153e-12 2.367e-08 2.373e-08 ( 0.01%)  
U280                    5.563e-11 8.153e-12 2.367e-08 2.373e-08 ( 0.01%)  
U307                    5.563e-11 8.153e-12 2.367e-08 2.373e-08 ( 0.01%)  
U310                    5.563e-11 8.153e-12 2.367e-08 2.373e-08 ( 0.01%)  
U313                    5.563e-11 8.153e-12 2.367e-08 2.373e-08 ( 0.01%)  
U286                    5.563e-11 8.153e-12 2.367e-08 2.373e-08 ( 0.01%)  
U430                    5.563e-11 8.153e-12 2.367e-08 2.373e-08 ( 0.01%)  
U433                    5.563e-11 8.153e-12 2.367e-08 2.373e-08 ( 0.01%)  
U295                    5.559e-11 8.153e-12 2.367e-08 2.373e-08 ( 0.01%)  
C355                    5.309e-11 1.773e-10 4.615e-08 4.638e-08 ( 0.02%)  
C360                    5.305e-11 1.541e-10 4.615e-08 4.635e-08 ( 0.02%)  
C838                    5.293e-11 1.288e-11 3.485e-08 3.492e-08 ( 0.01%)  
U224                    5.029e-11 5.784e-11 1.579e-08 1.589e-08 ( 0.01%)  
C2346                   4.645e-11 8.587e-12 2.711e-08 2.716e-08 ( 0.01%)  
U1402                   4.645e-11 1.129e-11 8.156e-08 8.161e-08 ( 0.03%)  
U212                    4.575e-11 5.784e-11 1.979e-08 1.989e-08 ( 0.01%)  
U1355                   4.505e-11 2.380e-11 3.854e-08 3.861e-08 ( 0.01%)  
C2315                   4.317e-11 8.587e-12 2.665e-08 2.670e-08 ( 0.01%)  
C2083                   4.145e-11 1.568e-11 3.482e-08 3.488e-08 ( 0.01%)  
C2300                   4.145e-11 1.568e-11 3.482e-08 3.488e-08 ( 0.01%)  
C2331                   4.145e-11 1.568e-11 3.482e-08 3.488e-08 ( 0.01%)  
C2455                   4.144e-11 1.507e-11 3.482e-08 3.488e-08 ( 0.01%)  
C2548                   4.144e-11 1.497e-11 3.482e-08 3.488e-08 ( 0.01%)  
C2114                   4.144e-11 1.493e-11 3.482e-08 3.488e-08 ( 0.01%)  
C2145                   4.144e-11 1.493e-11 3.482e-08 3.488e-08 ( 0.01%)  
C2176                   4.144e-11 1.493e-11 3.482e-08 3.488e-08 ( 0.01%)  
C2207                   4.144e-11 1.493e-11 3.482e-08 3.488e-08 ( 0.01%)  
C2238                   4.144e-11 1.493e-11 3.482e-08 3.488e-08 ( 0.01%)  
C2269                   4.144e-11 1.493e-11 3.482e-08 3.488e-08 ( 0.01%)  
C2424                   4.144e-11 1.493e-11 3.482e-08 3.488e-08 ( 0.01%)  
C23621                  4.144e-11 1.493e-11 3.482e-08 3.488e-08 ( 0.01%)  
C23931                  4.144e-11 1.493e-11 3.482e-08 3.488e-08 ( 0.01%)  
C2488                   4.131e-11 9.349e-12 3.482e-08 3.487e-08 ( 0.01%)  
C2312                   4.130e-11 8.587e-12 3.482e-08 3.487e-08 ( 0.01%)  
C2343                   4.130e-11 8.587e-12 3.482e-08 3.487e-08 ( 0.01%)  
C2405                   4.130e-11 8.587e-12 3.482e-08 3.487e-08 ( 0.01%)  
C24361                  4.130e-11 8.587e-12 3.482e-08 3.487e-08 ( 0.01%)  
C2560                   4.130e-11 8.587e-12 3.482e-08 3.487e-08 ( 0.01%)  
C2084                   4.130e-11 8.587e-12 3.482e-08 3.487e-08 ( 0.01%)  
C2085                   4.130e-11 8.587e-12 3.482e-08 3.487e-08 ( 0.01%)  
C2086                   4.130e-11 8.587e-12 3.482e-08 3.487e-08 ( 0.01%)  
C2087                   4.130e-11 8.587e-12 3.482e-08 3.487e-08 ( 0.01%)  
C2088                   4.130e-11 8.587e-12 3.482e-08 3.487e-08 ( 0.01%)  
C2089                   4.130e-11 8.587e-12 3.482e-08 3.487e-08 ( 0.01%)  
C2090                   4.130e-11 8.587e-12 3.482e-08 3.487e-08 ( 0.01%)  
C2091                   4.130e-11 8.587e-12 3.482e-08 3.487e-08 ( 0.01%)  
C2092                   4.130e-11 8.587e-12 3.482e-08 3.487e-08 ( 0.01%)  
C2093                   4.130e-11 8.587e-12 3.482e-08 3.487e-08 ( 0.01%)  
C2094                   4.130e-11 8.587e-12 3.482e-08 3.487e-08 ( 0.01%)  
C2115                   4.130e-11 8.587e-12 3.482e-08 3.487e-08 ( 0.01%)  
C2116                   4.130e-11 8.587e-12 3.482e-08 3.487e-08 ( 0.01%)  
C2117                   4.130e-11 8.587e-12 3.482e-08 3.487e-08 ( 0.01%)  
C2118                   4.130e-11 8.587e-12 3.482e-08 3.487e-08 ( 0.01%)  
C2119                   4.130e-11 8.587e-12 3.482e-08 3.487e-08 ( 0.01%)  
C2120                   4.130e-11 8.587e-12 3.482e-08 3.487e-08 ( 0.01%)  
C2121                   4.130e-11 8.587e-12 3.482e-08 3.487e-08 ( 0.01%)  
C2122                   4.130e-11 8.587e-12 3.482e-08 3.487e-08 ( 0.01%)  
C2123                   4.130e-11 8.587e-12 3.482e-08 3.487e-08 ( 0.01%)  
C2124                   4.130e-11 8.587e-12 3.482e-08 3.487e-08 ( 0.01%)  
C2125                   4.130e-11 8.587e-12 3.482e-08 3.487e-08 ( 0.01%)  
C2146                   4.130e-11 8.587e-12 3.482e-08 3.487e-08 ( 0.01%)  
C2147                   4.130e-11 8.587e-12 3.482e-08 3.487e-08 ( 0.01%)  
C2148                   4.130e-11 8.587e-12 3.482e-08 3.487e-08 ( 0.01%)  
C2149                   4.130e-11 8.587e-12 3.482e-08 3.487e-08 ( 0.01%)  
C2150                   4.130e-11 8.587e-12 3.482e-08 3.487e-08 ( 0.01%)  
C2151                   4.130e-11 8.587e-12 3.482e-08 3.487e-08 ( 0.01%)  
C2152                   4.130e-11 8.587e-12 3.482e-08 3.487e-08 ( 0.01%)  
C2153                   4.130e-11 8.587e-12 3.482e-08 3.487e-08 ( 0.01%)  
C2154                   4.130e-11 8.587e-12 3.482e-08 3.487e-08 ( 0.01%)  
C2155                   4.130e-11 8.587e-12 3.482e-08 3.487e-08 ( 0.01%)  
C2156                   4.130e-11 8.587e-12 3.482e-08 3.487e-08 ( 0.01%)  
C2177                   4.130e-11 8.587e-12 3.482e-08 3.487e-08 ( 0.01%)  
C2178                   4.130e-11 8.587e-12 3.482e-08 3.487e-08 ( 0.01%)  
C2179                   4.130e-11 8.587e-12 3.482e-08 3.487e-08 ( 0.01%)  
C2180                   4.130e-11 8.587e-12 3.482e-08 3.487e-08 ( 0.01%)  
C2181                   4.130e-11 8.587e-12 3.482e-08 3.487e-08 ( 0.01%)  
C2182                   4.130e-11 8.587e-12 3.482e-08 3.487e-08 ( 0.01%)  
C2183                   4.130e-11 8.587e-12 3.482e-08 3.487e-08 ( 0.01%)  
C2184                   4.130e-11 8.587e-12 3.482e-08 3.487e-08 ( 0.01%)  
C2185                   4.130e-11 8.587e-12 3.482e-08 3.487e-08 ( 0.01%)  
C2186                   4.130e-11 8.587e-12 3.482e-08 3.487e-08 ( 0.01%)  
C2187                   4.130e-11 8.587e-12 3.482e-08 3.487e-08 ( 0.01%)  
C2208                   4.130e-11 8.587e-12 3.482e-08 3.487e-08 ( 0.01%)  
C2209                   4.130e-11 8.587e-12 3.482e-08 3.487e-08 ( 0.01%)  
C2210                   4.130e-11 8.587e-12 3.482e-08 3.487e-08 ( 0.01%)  
C2211                   4.130e-11 8.587e-12 3.482e-08 3.487e-08 ( 0.01%)  
C2212                   4.130e-11 8.587e-12 3.482e-08 3.487e-08 ( 0.01%)  
C2213                   4.130e-11 8.587e-12 3.482e-08 3.487e-08 ( 0.01%)  
C2214                   4.130e-11 8.587e-12 3.482e-08 3.487e-08 ( 0.01%)  
C2215                   4.130e-11 8.587e-12 3.482e-08 3.487e-08 ( 0.01%)  
C2216                   4.130e-11 8.587e-12 3.482e-08 3.487e-08 ( 0.01%)  
C2217                   4.130e-11 8.587e-12 3.482e-08 3.487e-08 ( 0.01%)  
C2218                   4.130e-11 8.587e-12 3.482e-08 3.487e-08 ( 0.01%)  
C2239                   4.130e-11 8.587e-12 3.482e-08 3.487e-08 ( 0.01%)  
C2240                   4.130e-11 8.587e-12 3.482e-08 3.487e-08 ( 0.01%)  
C2241                   4.130e-11 8.587e-12 3.482e-08 3.487e-08 ( 0.01%)  
C2242                   4.130e-11 8.587e-12 3.482e-08 3.487e-08 ( 0.01%)  
C2243                   4.130e-11 8.587e-12 3.482e-08 3.487e-08 ( 0.01%)  
C2244                   4.130e-11 8.587e-12 3.482e-08 3.487e-08 ( 0.01%)  
C2245                   4.130e-11 8.587e-12 3.482e-08 3.487e-08 ( 0.01%)  
C2246                   4.130e-11 8.587e-12 3.482e-08 3.487e-08 ( 0.01%)  
C2247                   4.130e-11 8.587e-12 3.482e-08 3.487e-08 ( 0.01%)  
C2248                   4.130e-11 8.587e-12 3.482e-08 3.487e-08 ( 0.01%)  
C2249                   4.130e-11 8.587e-12 3.482e-08 3.487e-08 ( 0.01%)  
C2270                   4.130e-11 8.587e-12 3.482e-08 3.487e-08 ( 0.01%)  
C2271                   4.130e-11 8.587e-12 3.482e-08 3.487e-08 ( 0.01%)  
C2272                   4.130e-11 8.587e-12 3.482e-08 3.487e-08 ( 0.01%)  
C2273                   4.130e-11 8.587e-12 3.482e-08 3.487e-08 ( 0.01%)  
C2274                   4.130e-11 8.587e-12 3.482e-08 3.487e-08 ( 0.01%)  
C2275                   4.130e-11 8.587e-12 3.482e-08 3.487e-08 ( 0.01%)  
C2276                   4.130e-11 8.587e-12 3.482e-08 3.487e-08 ( 0.01%)  
C2277                   4.130e-11 8.587e-12 3.482e-08 3.487e-08 ( 0.01%)  
C2278                   4.130e-11 8.587e-12 3.482e-08 3.487e-08 ( 0.01%)  
C2279                   4.130e-11 8.587e-12 3.482e-08 3.487e-08 ( 0.01%)  
C2280                   4.130e-11 8.587e-12 3.482e-08 3.487e-08 ( 0.01%)  
C2301                   4.130e-11 8.587e-12 3.482e-08 3.487e-08 ( 0.01%)  
C2302                   4.130e-11 8.587e-12 3.482e-08 3.487e-08 ( 0.01%)  
C2303                   4.130e-11 8.587e-12 3.482e-08 3.487e-08 ( 0.01%)  
C2304                   4.130e-11 8.587e-12 3.482e-08 3.487e-08 ( 0.01%)  
C2305                   4.130e-11 8.587e-12 3.482e-08 3.487e-08 ( 0.01%)  
C2306                   4.130e-11 8.587e-12 3.482e-08 3.487e-08 ( 0.01%)  
C2307                   4.130e-11 8.587e-12 3.482e-08 3.487e-08 ( 0.01%)  
C2308                   4.130e-11 8.587e-12 3.482e-08 3.487e-08 ( 0.01%)  
C2309                   4.130e-11 8.587e-12 3.482e-08 3.487e-08 ( 0.01%)  
C2310                   4.130e-11 8.587e-12 3.482e-08 3.487e-08 ( 0.01%)  
C2311                   4.130e-11 8.587e-12 3.482e-08 3.487e-08 ( 0.01%)  
C2332                   4.130e-11 8.587e-12 3.482e-08 3.487e-08 ( 0.01%)  
C2333                   4.130e-11 8.587e-12 3.482e-08 3.487e-08 ( 0.01%)  
C2334                   4.130e-11 8.587e-12 3.482e-08 3.487e-08 ( 0.01%)  
C2335                   4.130e-11 8.587e-12 3.482e-08 3.487e-08 ( 0.01%)  
C2336                   4.130e-11 8.587e-12 3.482e-08 3.487e-08 ( 0.01%)  
C2337                   4.130e-11 8.587e-12 3.482e-08 3.487e-08 ( 0.01%)  
C2338                   4.130e-11 8.587e-12 3.482e-08 3.487e-08 ( 0.01%)  
C2339                   4.130e-11 8.587e-12 3.482e-08 3.487e-08 ( 0.01%)  
C2340                   4.130e-11 8.587e-12 3.482e-08 3.487e-08 ( 0.01%)  
C2341                   4.130e-11 8.587e-12 3.482e-08 3.487e-08 ( 0.01%)  
C2342                   4.130e-11 8.587e-12 3.482e-08 3.487e-08 ( 0.01%)  
C2365                   4.130e-11 8.587e-12 3.482e-08 3.487e-08 ( 0.01%)  
C2366                   4.130e-11 8.587e-12 3.482e-08 3.487e-08 ( 0.01%)  
C2370                   4.130e-11 8.587e-12 3.482e-08 3.487e-08 ( 0.01%)  
C2371                   4.130e-11 8.587e-12 3.482e-08 3.487e-08 ( 0.01%)  
C2372                   4.130e-11 8.587e-12 3.482e-08 3.487e-08 ( 0.01%)  
C2373                   4.130e-11 8.587e-12 3.482e-08 3.487e-08 ( 0.01%)  
C2394                   4.130e-11 8.587e-12 3.482e-08 3.487e-08 ( 0.01%)  
C2395                   4.130e-11 8.587e-12 3.482e-08 3.487e-08 ( 0.01%)  
C2396                   4.130e-11 8.587e-12 3.482e-08 3.487e-08 ( 0.01%)  
C2400                   4.130e-11 8.587e-12 3.482e-08 3.487e-08 ( 0.01%)  
C2401                   4.130e-11 8.587e-12 3.482e-08 3.487e-08 ( 0.01%)  
C2425                   4.130e-11 8.587e-12 3.482e-08 3.487e-08 ( 0.01%)  
C2426                   4.130e-11 8.587e-12 3.482e-08 3.487e-08 ( 0.01%)  
C2430                   4.130e-11 8.587e-12 3.482e-08 3.487e-08 ( 0.01%)  
C2431                   4.130e-11 8.587e-12 3.482e-08 3.487e-08 ( 0.01%)  
C2432                   4.130e-11 8.587e-12 3.482e-08 3.487e-08 ( 0.01%)  
C2433                   4.130e-11 8.587e-12 3.482e-08 3.487e-08 ( 0.01%)  
C2456                   4.130e-11 8.587e-12 3.482e-08 3.487e-08 ( 0.01%)  
C2457                   4.130e-11 8.587e-12 3.482e-08 3.487e-08 ( 0.01%)  
C2458                   4.130e-11 8.587e-12 3.482e-08 3.487e-08 ( 0.01%)  
C2459                   4.130e-11 8.587e-12 3.482e-08 3.487e-08 ( 0.01%)  
C2460                   4.130e-11 8.587e-12 3.482e-08 3.487e-08 ( 0.01%)  
C2461                   4.130e-11 8.587e-12 3.482e-08 3.487e-08 ( 0.01%)  
C2462                   4.130e-11 8.587e-12 3.482e-08 3.487e-08 ( 0.01%)  
C2463                   4.130e-11 8.587e-12 3.482e-08 3.487e-08 ( 0.01%)  
C2464                   4.130e-11 8.587e-12 3.482e-08 3.487e-08 ( 0.01%)  
C2465                   4.130e-11 8.587e-12 3.482e-08 3.487e-08 ( 0.01%)  
C2466                   4.130e-11 8.587e-12 3.482e-08 3.487e-08 ( 0.01%)  
C2489                   4.130e-11 8.587e-12 3.482e-08 3.487e-08 ( 0.01%)  
C2490                   4.130e-11 8.587e-12 3.482e-08 3.487e-08 ( 0.01%)  
C2491                   4.130e-11 8.587e-12 3.482e-08 3.487e-08 ( 0.01%)  
C2492                   4.130e-11 8.587e-12 3.482e-08 3.487e-08 ( 0.01%)  
C2493                   4.130e-11 8.587e-12 3.482e-08 3.487e-08 ( 0.01%)  
C2494                   4.130e-11 8.587e-12 3.482e-08 3.487e-08 ( 0.01%)  
C2495                   4.130e-11 8.587e-12 3.482e-08 3.487e-08 ( 0.01%)  
C2496                   4.130e-11 8.587e-12 3.482e-08 3.487e-08 ( 0.01%)  
C2549                   4.130e-11 8.587e-12 3.482e-08 3.487e-08 ( 0.01%)  
C2550                   4.130e-11 8.587e-12 3.482e-08 3.487e-08 ( 0.01%)  
C2551                   4.130e-11 8.587e-12 3.482e-08 3.487e-08 ( 0.01%)  
C2552                   4.130e-11 8.587e-12 3.482e-08 3.487e-08 ( 0.01%)  
C2553                   4.130e-11 8.587e-12 3.482e-08 3.487e-08 ( 0.01%)  
C2554                   4.130e-11 8.587e-12 3.482e-08 3.487e-08 ( 0.01%)  
C2555                   4.130e-11 8.587e-12 3.482e-08 3.487e-08 ( 0.01%)  
C2556                   4.130e-11 8.587e-12 3.482e-08 3.487e-08 ( 0.01%)  
C2557                   4.130e-11 8.587e-12 3.482e-08 3.487e-08 ( 0.01%)  
C2558                   4.130e-11 8.587e-12 3.482e-08 3.487e-08 ( 0.01%)  
C2559                   4.130e-11 8.587e-12 3.482e-08 3.487e-08 ( 0.01%)  
C23631                  4.130e-11 8.587e-12 3.482e-08 3.487e-08 ( 0.01%)  
C23641                  4.130e-11 8.587e-12 3.482e-08 3.487e-08 ( 0.01%)  
C23671                  4.130e-11 8.587e-12 3.482e-08 3.487e-08 ( 0.01%)  
C23681                  4.130e-11 8.587e-12 3.482e-08 3.487e-08 ( 0.01%)  
C23691                  4.130e-11 8.587e-12 3.482e-08 3.487e-08 ( 0.01%)  
C23971                  4.130e-11 8.587e-12 3.482e-08 3.487e-08 ( 0.01%)  
C23981                  4.130e-11 8.587e-12 3.482e-08 3.487e-08 ( 0.01%)  
C23991                  4.130e-11 8.587e-12 3.482e-08 3.487e-08 ( 0.01%)  
C24021                  4.130e-11 8.587e-12 3.482e-08 3.487e-08 ( 0.01%)  
C24031                  4.130e-11 8.587e-12 3.482e-08 3.487e-08 ( 0.01%)  
C24041                  4.130e-11 8.587e-12 3.482e-08 3.487e-08 ( 0.01%)  
C24271                  4.130e-11 8.587e-12 3.482e-08 3.487e-08 ( 0.01%)  
C24281                  4.130e-11 8.587e-12 3.482e-08 3.487e-08 ( 0.01%)  
C24291                  4.130e-11 8.587e-12 3.482e-08 3.487e-08 ( 0.01%)  
C24341                  4.130e-11 8.587e-12 3.482e-08 3.487e-08 ( 0.01%)  
C24351                  4.130e-11 8.587e-12 3.482e-08 3.487e-08 ( 0.01%)  
C2497                   4.130e-11 8.587e-12 3.482e-08 3.487e-08 ( 0.01%)  
C2095                   4.130e-11 8.587e-12 3.482e-08 3.487e-08 ( 0.01%)  
C2126                   4.130e-11 8.587e-12 3.482e-08 3.487e-08 ( 0.01%)  
C2157                   4.130e-11 8.587e-12 3.482e-08 3.487e-08 ( 0.01%)  
C2188                   4.130e-11 8.587e-12 3.482e-08 3.487e-08 ( 0.01%)  
C2219                   4.130e-11 8.587e-12 3.482e-08 3.487e-08 ( 0.01%)  
C2250                   4.130e-11 8.587e-12 3.482e-08 3.487e-08 ( 0.01%)  
C2281                   4.130e-11 8.587e-12 3.482e-08 3.487e-08 ( 0.01%)  
C2313                   4.130e-11 8.587e-12 3.482e-08 3.487e-08 ( 0.01%)  
C2344                   4.130e-11 8.587e-12 3.482e-08 3.487e-08 ( 0.01%)  
C2374                   4.130e-11 8.587e-12 3.482e-08 3.487e-08 ( 0.01%)  
C2406                   4.130e-11 8.587e-12 3.482e-08 3.487e-08 ( 0.01%)  
C2437                   4.130e-11 8.587e-12 3.482e-08 3.487e-08 ( 0.01%)  
C2467                   4.130e-11 8.587e-12 3.482e-08 3.487e-08 ( 0.01%)  
C2498                   4.130e-11 8.587e-12 3.482e-08 3.487e-08 ( 0.01%)  
C2561                   4.128e-11 8.587e-12 3.482e-08 3.487e-08 ( 0.01%)  
C2097                   4.128e-11 8.587e-12 3.482e-08 3.487e-08 ( 0.01%)  
C2128                   4.128e-11 8.587e-12 3.482e-08 3.487e-08 ( 0.01%)  
C2159                   4.128e-11 8.587e-12 3.482e-08 3.487e-08 ( 0.01%)  
C2190                   4.128e-11 8.587e-12 3.482e-08 3.487e-08 ( 0.01%)  
C2221                   4.128e-11 8.587e-12 3.482e-08 3.487e-08 ( 0.01%)  
C2252                   4.128e-11 8.587e-12 3.482e-08 3.487e-08 ( 0.01%)  
C2283                   4.128e-11 8.587e-12 3.482e-08 3.487e-08 ( 0.01%)  
C2314                   4.128e-11 8.587e-12 3.482e-08 3.487e-08 ( 0.01%)  
C2345                   4.128e-11 8.587e-12 3.482e-08 3.487e-08 ( 0.01%)  
C2407                   4.128e-11 8.587e-12 3.482e-08 3.487e-08 ( 0.01%)  
C2469                   4.128e-11 8.587e-12 3.482e-08 3.487e-08 ( 0.01%)  
C23761                  4.128e-11 8.587e-12 3.482e-08 3.487e-08 ( 0.01%)  
C24381                  4.128e-11 8.587e-12 3.482e-08 3.487e-08 ( 0.01%)  
U1330                   4.116e-11 8.153e-12 3.482e-08 3.487e-08 ( 0.01%)  
C2499                   4.115e-11 8.587e-12 3.482e-08 3.487e-08 ( 0.01%)  
C768                    4.109e-11 8.587e-12 3.482e-08 3.487e-08 ( 0.01%)  
U208                    4.081e-11 4.627e-11 1.259e-08 1.267e-08 ( 0.00%)  
C2284                   4.059e-11 8.587e-12 2.726e-08 2.731e-08 ( 0.01%)  
C2160                   3.998e-11 8.587e-12 3.028e-08 3.033e-08 ( 0.01%)  
C2253                   3.990e-11 8.587e-12 2.521e-08 2.526e-08 ( 0.01%)  
C2191                   3.919e-11 8.587e-12 2.347e-08 2.352e-08 ( 0.01%)  
C2222                   3.919e-11 8.587e-12 2.347e-08 2.352e-08 ( 0.01%)  
U220                    3.908e-11 4.627e-11 1.794e-08 1.803e-08 ( 0.01%)  
C541                    3.898e-11 9.860e-12 2.089e-08 2.094e-08 ( 0.01%)  
C606                    3.898e-11 9.860e-12 2.089e-08 2.094e-08 ( 0.01%)  
C632                    3.896e-11 9.860e-12 2.089e-08 2.094e-08 ( 0.01%)  
C658                    3.894e-11 9.860e-12 2.089e-08 2.094e-08 ( 0.01%)  
C697                    3.894e-11 9.860e-12 2.089e-08 2.094e-08 ( 0.01%)  
C2129                   3.866e-11 8.587e-12 3.280e-08 3.285e-08 ( 0.01%)  
C2098                   3.866e-11 8.587e-12 3.280e-08 3.285e-08 ( 0.01%)  
C2563                   3.866e-11 8.587e-12 3.279e-08 3.284e-08 ( 0.01%)  
U1329                   3.848e-11 7.923e-12 4.041e-08 4.046e-08 ( 0.01%)  
U756                    3.845e-11 1.121e-10 3.279e-08 3.295e-08 ( 0.01%)  
U730                    3.842e-11 1.198e-10 3.279e-08 3.295e-08 ( 0.01%)  
U343                    3.794e-11 5.434e-11 2.899e-08 2.909e-08 ( 0.01%)  
C3770                   3.653e-11 1.214e-10 4.609e-08 4.625e-08 ( 0.02%)  
U1141                   3.621e-11 6.800e-11 7.021e-08 7.031e-08 ( 0.02%)  
C416                    3.612e-11 7.678e-12 2.091e-08 2.096e-08 ( 0.01%)  
C421                    3.608e-11 7.678e-12 2.091e-08 2.096e-08 ( 0.01%)  
U1332                   3.606e-11 8.587e-12 2.205e-08 2.209e-08 ( 0.01%)  
C423                    3.584e-11 7.678e-12 2.091e-08 2.096e-08 ( 0.01%)  
C425                    3.583e-11 7.678e-12 2.091e-08 2.096e-08 ( 0.01%)  
C428                    3.579e-11 7.678e-12 2.091e-08 2.096e-08 ( 0.01%)  
U1323                   3.553e-11 1.493e-11 3.076e-08 3.081e-08 ( 0.01%)  
C685                    3.548e-11 8.763e-12 3.482e-08 3.486e-08 ( 0.01%)  
C646                    3.548e-11 8.763e-12 3.482e-08 3.486e-08 ( 0.01%)  
C594                    3.544e-11 7.881e-12 3.482e-08 3.486e-08 ( 0.01%)  
C529                    3.544e-11 7.881e-12 3.482e-08 3.486e-08 ( 0.01%)  
C620                    3.544e-11 7.564e-12 3.482e-08 3.486e-08 ( 0.01%)  
U414                    3.540e-11 2.476e-11 3.482e-08 3.488e-08 ( 0.01%)  
C347                    3.539e-11 9.164e-11 4.616e-08 4.629e-08 ( 0.02%)  
C352                    3.539e-11 9.143e-11 4.616e-08 4.629e-08 ( 0.02%)  
C403                    3.529e-11 2.693e-11 4.616e-08 4.623e-08 ( 0.02%)  
C409                    3.528e-11 2.693e-11 4.616e-08 4.623e-08 ( 0.02%)  
C385                    3.528e-11 2.693e-11 4.616e-08 4.623e-08 ( 0.02%)  
C395                    3.528e-11 2.693e-11 4.616e-08 4.623e-08 ( 0.02%)  
C399                    3.527e-11 2.693e-11 4.616e-08 4.623e-08 ( 0.02%)  
C4149                   3.527e-11 7.289e-12 3.482e-08 3.486e-08 ( 0.01%)  
C1912                   3.482e-11    0.0000 2.679e-08 2.683e-08 ( 0.01%)  
U1324                   3.282e-11 8.587e-12 2.828e-08 2.832e-08 ( 0.01%)  
U347                    3.157e-11 6.800e-11 7.926e-08 7.936e-08 ( 0.03%)  
U216                    2.846e-11 3.471e-11 1.979e-08 1.985e-08 ( 0.01%)  
U1408                   2.831e-11 6.139e-11 5.080e-08 5.089e-08 ( 0.02%)  
U1407                   2.788e-11 3.955e-12 5.076e-08 5.079e-08 ( 0.02%)  
U227                    2.728e-11 1.483e-11 8.496e-09 8.538e-09 ( 0.00%)  
U1431                   2.714e-11 3.918e-12 3.040e-08 3.043e-08 ( 0.01%)  
U148                    2.683e-11 1.286e-11 2.243e-08 2.247e-08 ( 0.01%)  
U108                    2.680e-11 1.286e-11 2.243e-08 2.247e-08 ( 0.01%)  
U1382                   2.680e-11 9.942e-11 6.416e-08 6.429e-08 ( 0.02%)  
U1383                   2.680e-11 9.942e-11 6.416e-08 6.429e-08 ( 0.02%)  
U1384                   2.680e-11 9.942e-11 6.416e-08 6.429e-08 ( 0.02%)  
U1385                   2.679e-11 9.942e-11 6.416e-08 6.429e-08 ( 0.02%)  
U1386                   2.679e-11 9.942e-11 6.416e-08 6.429e-08 ( 0.02%)  
U1387                   2.679e-11 9.942e-11 6.416e-08 6.429e-08 ( 0.02%)  
U1374                   2.678e-11 9.942e-11 6.416e-08 6.429e-08 ( 0.02%)  
U1375                   2.678e-11 9.942e-11 6.416e-08 6.429e-08 ( 0.02%)  
U1376                   2.678e-11 9.942e-11 6.416e-08 6.429e-08 ( 0.02%)  
U1377                   2.678e-11 9.942e-11 6.416e-08 6.429e-08 ( 0.02%)  
U1391                   2.678e-11 9.942e-11 6.416e-08 6.429e-08 ( 0.02%)  
U1378                   2.678e-11 9.942e-11 6.416e-08 6.429e-08 ( 0.02%)  
U1379                   2.678e-11 9.942e-11 6.416e-08 6.429e-08 ( 0.02%)  
U1380                   2.678e-11 9.942e-11 6.416e-08 6.429e-08 ( 0.02%)  
U1388                   2.677e-11 9.942e-11 6.416e-08 6.429e-08 ( 0.02%)  
U1373                   2.677e-11 9.222e-11 6.416e-08 6.428e-08 ( 0.02%)  
U1381                   2.675e-11 8.431e-11 6.416e-08 6.427e-08 ( 0.02%)  
U1390                   2.675e-11 8.392e-11 6.416e-08 6.427e-08 ( 0.02%)  
U1392                   2.675e-11 8.392e-11 6.416e-08 6.427e-08 ( 0.02%)  
U1389                   2.675e-11 7.621e-11 6.416e-08 6.427e-08 ( 0.02%)  
U1400                   2.675e-11 8.064e-11 6.416e-08 6.427e-08 ( 0.02%)  
U1396                   2.675e-11 8.064e-11 6.416e-08 6.427e-08 ( 0.02%)  
U1399                   2.675e-11 8.064e-11 6.416e-08 6.427e-08 ( 0.02%)  
U1393                   2.675e-11 8.056e-11 6.416e-08 6.427e-08 ( 0.02%)  
U1397                   2.675e-11 8.056e-11 6.416e-08 6.427e-08 ( 0.02%)  
U1398                   2.675e-11 8.056e-11 6.416e-08 6.427e-08 ( 0.02%)  
U1394                   2.674e-11 7.697e-11 6.416e-08 6.427e-08 ( 0.02%)  
U1395                   2.673e-11 7.290e-11 6.416e-08 6.426e-08 ( 0.02%)  
U1401                   2.672e-11 8.025e-11 6.416e-08 6.427e-08 ( 0.02%)  
U124                    2.642e-11 1.043e-10 2.243e-08 2.256e-08 ( 0.01%)  
U116                    2.606e-11 1.491e-10 2.243e-08 2.260e-08 ( 0.01%)  
U136                    2.586e-11 1.786e-10 2.243e-08 2.263e-08 ( 0.01%)  
U803                    2.518e-11 8.417e-11 3.622e-08 3.633e-08 ( 0.01%)  
C3763                   2.196e-11 4.962e-12 3.482e-08 3.485e-08 ( 0.01%)  
U223                    2.076e-11 1.112e-11 8.580e-09 8.612e-09 ( 0.00%)  
C485                    2.075e-11 1.004e-11 3.680e-08 3.683e-08 ( 0.01%)  
C3982                   2.074e-11 9.136e-12 3.680e-08 3.682e-08 ( 0.01%)  
C3987                   2.073e-11 8.463e-12 3.680e-08 3.682e-08 ( 0.01%)  
C739                    2.070e-11 1.244e-11 3.680e-08 3.683e-08 ( 0.01%)  
C486                    2.065e-11 4.294e-12 3.680e-08 3.682e-08 ( 0.01%)  
C487                    2.065e-11 4.294e-12 3.680e-08 3.682e-08 ( 0.01%)  
C3988                   2.064e-11 4.294e-12 3.680e-08 3.682e-08 ( 0.01%)  
C785                    2.064e-11 4.294e-12 3.680e-08 3.682e-08 ( 0.01%)  
C784                    2.064e-11 3.839e-12 3.680e-08 3.682e-08 ( 0.01%)  
C2635                   2.063e-11 9.911e-12 3.680e-08 3.683e-08 ( 0.01%)  
C488                    2.062e-11 4.294e-12 3.680e-08 3.682e-08 ( 0.01%)  
C2776                   2.062e-11 8.463e-12 3.483e-08 3.486e-08 ( 0.01%)  
C2647                   2.059e-11 9.943e-12 3.483e-08 3.486e-08 ( 0.01%)  
C2739                   2.059e-11 9.943e-12 3.483e-08 3.486e-08 ( 0.01%)  
C786                    2.058e-11 4.294e-12 3.680e-08 3.682e-08 ( 0.01%)  
U188                    2.056e-11 9.860e-12 2.246e-08 2.249e-08 ( 0.01%)  
C3983                   2.056e-11 4.294e-12 3.680e-08 3.682e-08 ( 0.01%)  
C3989                   2.056e-11 4.294e-12 3.680e-08 3.682e-08 ( 0.01%)  
U211                    2.044e-11 1.112e-11 8.372e-09 8.403e-09 ( 0.00%)  
U366                    1.944e-11 6.802e-11 4.038e-08 4.047e-08 ( 0.01%)  
U353                    1.932e-11 5.631e-11 4.039e-08 4.046e-08 ( 0.01%)  
C3062                   1.924e-11 1.545e-11 4.038e-08 4.042e-08 ( 0.01%)  
C3064                   1.922e-11 1.545e-11 3.283e-08 3.287e-08 ( 0.01%)  
U1367                   1.915e-11 8.147e-12 3.283e-08 3.286e-08 ( 0.01%)  
C14                     1.913e-11 4.288e-12 3.282e-08 3.284e-08 ( 0.01%)  
U1409                   1.901e-11 1.262e-11 4.615e-08 4.618e-08 ( 0.02%)  
C3033                   1.897e-11 3.470e-11 4.041e-08 4.046e-08 ( 0.01%)  
C3057                   1.893e-11 1.724e-11 4.041e-08 4.045e-08 ( 0.01%)  
C3060                   1.890e-11 1.724e-11 2.101e-08 2.104e-08 ( 0.01%)  
C3036                   1.889e-11 1.724e-11 2.101e-08 2.104e-08 ( 0.01%)  
C3084                   1.889e-11 1.724e-11 2.101e-08 2.104e-08 ( 0.01%)  
C2984                   1.884e-11 4.288e-12 2.101e-08 2.103e-08 ( 0.01%)  
C2983                   1.883e-11 8.595e-12 2.101e-08 2.103e-08 ( 0.01%)  
C3043                   1.882e-11 3.839e-12 4.041e-08 4.043e-08 ( 0.01%)  
C3091                   1.882e-11 3.581e-12 4.041e-08 4.043e-08 ( 0.01%)  
C3080                   1.881e-11 4.343e-12 2.100e-08 2.103e-08 ( 0.01%)  
C3104                   1.881e-11 3.940e-12 2.100e-08 2.103e-08 ( 0.01%)  
C3066                   1.881e-11 4.036e-12 4.041e-08 4.043e-08 ( 0.01%)  
C2977                   1.881e-11 4.288e-12 4.041e-08 4.043e-08 ( 0.01%)  
C3056                   1.880e-11 3.339e-12 2.100e-08 2.103e-08 ( 0.01%)  
C1881                   1.844e-11    0.0000 2.689e-08 2.691e-08 ( 0.01%)  
C21                     1.770e-11 8.488e-12 3.486e-08 3.488e-08 ( 0.01%)  
U1275                   1.770e-11 4.294e-12 4.641e-08 4.644e-08 ( 0.02%)  
C3039                   1.765e-11 1.545e-11 4.045e-08 4.048e-08 ( 0.01%)  
C3087                   1.765e-11 1.545e-11 4.045e-08 4.048e-08 ( 0.01%)  
C17                     1.764e-11 4.234e-12 4.643e-08 4.645e-08 ( 0.02%)  
C3040                   1.764e-11 1.545e-11 4.614e-08 4.617e-08 ( 0.02%)  
C3088                   1.764e-11 1.545e-11 4.614e-08 4.617e-08 ( 0.02%)  
C3884                   1.762e-11 3.839e-12 4.614e-08 4.616e-08 ( 0.02%)  
C3269                   1.762e-11 3.453e-12 4.614e-08 4.616e-08 ( 0.02%)  
U787                    1.600e-11 2.063e-11 9.701e-09 9.737e-09 ( 0.00%)  
U792                    1.522e-11 2.063e-11 9.701e-09 9.737e-09 ( 0.00%)  
U1320                   1.491e-11 2.380e-11 2.408e-08 2.412e-08 ( 0.01%)  
U219                    1.420e-11 7.416e-12 8.652e-09 8.673e-09 ( 0.00%)  
U215                    1.420e-11 7.416e-12 8.652e-09 8.673e-09 ( 0.00%)  
U790                    1.414e-11 2.063e-11 9.701e-09 9.735e-09 ( 0.00%)  
U808                    1.370e-11 7.720e-11 1.721e-08 1.730e-08 ( 0.01%)  
U800                    1.368e-11 1.375e-11 1.721e-08 1.724e-08 ( 0.01%)  
U806                    1.368e-11 5.032e-11 1.721e-08 1.728e-08 ( 0.01%)  
I_23                    1.338e-11 4.059e-11 9.701e-09 9.755e-09 ( 0.00%)  
U1157                   1.335e-11 4.059e-11 9.701e-09 9.755e-09 ( 0.00%)  
U1205                   1.325e-11 7.194e-11 9.701e-09 9.786e-09 ( 0.00%)  
U1206                   1.309e-11 1.085e-10 9.701e-09 9.822e-09 ( 0.00%)  
U1147                   1.307e-11 1.152e-11 9.701e-09 9.725e-09 ( 0.00%)  
U1316                   1.258e-11 1.150e-10 3.622e-08 3.635e-08 ( 0.01%)  
U1314                   1.257e-11 1.162e-10 3.622e-08 3.635e-08 ( 0.01%)  
U1315                   1.254e-11 1.191e-10 3.622e-08 3.635e-08 ( 0.01%)  
I_1512                  1.253e-11 7.058e-11 3.622e-08 3.630e-08 ( 0.01%)  
U1189                   8.915e-12 2.583e-11 9.701e-09 9.735e-09 ( 0.00%)  
U1142                   8.889e-12 8.153e-12 9.701e-09 9.718e-09 ( 0.00%)  
C1850                   8.876e-12    0.0000 2.703e-08 2.704e-08 ( 0.01%)  
U1220                   8.805e-12 1.842e-11 9.701e-09 9.728e-09 ( 0.00%)  
U1358                   8.685e-12 9.860e-12 9.701e-09 9.719e-09 ( 0.00%)  
U1168                   8.680e-12 1.375e-11 9.701e-09 9.723e-09 ( 0.00%)  
U1169                   8.680e-12 1.375e-11 9.701e-09 9.723e-09 ( 0.00%)  
U1269                   8.613e-12 7.210e-11 9.701e-09 9.781e-09 ( 0.00%)  
U1268                   8.609e-12 7.290e-11 9.701e-09 9.782e-09 ( 0.00%)  
U207                    7.252e-12 4.350e-12 8.269e-09 8.280e-09 ( 0.00%)  
U99                     6.754e-12 3.891e-12 8.778e-09 8.789e-09 ( 0.00%)  
C1819                   5.462e-12    0.0000 2.657e-08 2.657e-08 ( 0.01%)  
U165                    4.364e-12 3.961e-12 9.701e-09 9.709e-09 ( 0.00%)  
I_271                   4.353e-12 3.839e-12 9.701e-09 9.709e-09 ( 0.00%)  
U1411                   4.345e-12 2.777e-11 9.701e-09 9.733e-09 ( 0.00%)  
U1410                   4.343e-12 2.802e-11 9.701e-09 9.733e-09 ( 0.00%)  
C1788                   2.731e-12    0.0000 2.719e-08 2.719e-08 ( 0.01%)  
C743                    2.295e-12    0.0000 4.603e-08 4.603e-08 ( 0.02%)  
C896                    2.284e-12    0.0000 4.603e-08 4.603e-08 ( 0.02%)  
C1664                   2.048e-12    0.0000 3.023e-08 3.023e-08 ( 0.01%)  
C1757                   2.048e-12    0.0000 2.512e-08 2.512e-08 ( 0.01%)  
U1143                   1.929e-12    0.0000 3.025e-08 3.025e-08 ( 0.01%)  
C897                    1.605e-12    0.0000 4.604e-08 4.604e-08 ( 0.02%)  
C601                    1.518e-12    0.0000 3.276e-08 3.276e-08 ( 0.01%)  
C536                    1.510e-12    0.0000 3.276e-08 3.276e-08 ( 0.01%)  
C653                    1.441e-12    0.0000 3.276e-08 3.276e-08 ( 0.01%)  
U345                    1.434e-12    0.0000 3.279e-08 3.279e-08 ( 0.01%)  
U354                    1.434e-12    0.0000 3.279e-08 3.279e-08 ( 0.01%)  
U457                    1.434e-12    0.0000 3.279e-08 3.279e-08 ( 0.01%)  
U458                    1.434e-12    0.0000 3.279e-08 3.279e-08 ( 0.01%)  
U459                    1.434e-12    0.0000 3.279e-08 3.279e-08 ( 0.01%)  
U462                    1.434e-12    0.0000 3.279e-08 3.279e-08 ( 0.01%)  
U467                    1.434e-12    0.0000 3.279e-08 3.279e-08 ( 0.01%)  
U470                    1.434e-12    0.0000 3.279e-08 3.279e-08 ( 0.01%)  
C627                    1.419e-12    0.0000 3.276e-08 3.276e-08 ( 0.01%)  
C692                    1.414e-12    0.0000 3.276e-08 3.276e-08 ( 0.01%)  
C1695                   1.366e-12    0.0000 2.337e-08 2.337e-08 ( 0.01%)  
C1726                   1.366e-12    0.0000 2.337e-08 2.337e-08 ( 0.01%)  
U580                    1.350e-12    0.0000 2.971e-08 2.971e-08 ( 0.01%)  
C751                    1.348e-12    0.0000 2.083e-08 2.083e-08 ( 0.01%)  
C780                    1.348e-12    0.0000 2.083e-08 2.083e-08 ( 0.01%)  
C843                    1.348e-12    0.0000 2.083e-08 2.083e-08 ( 0.01%)  
C654                    1.231e-12    0.0000 2.091e-08 2.091e-08 ( 0.01%)  
C628                    1.231e-12    0.0000 2.091e-08 2.091e-08 ( 0.01%)  
C693                    1.230e-12    0.0000 2.091e-08 2.091e-08 ( 0.01%)  
C6021                   1.229e-12    0.0000 2.091e-08 2.091e-08 ( 0.01%)  
C537                    1.229e-12    0.0000 2.091e-08 2.091e-08 ( 0.01%)  
U1441                   1.181e-12    0.0000 4.039e-08 4.040e-08 ( 0.01%)  
U1305                   1.138e-12    0.0000 4.083e-08 4.083e-08 ( 0.01%)  
U879                    1.138e-12    0.0000 4.083e-08 4.083e-08 ( 0.01%)  
U872                    1.138e-12    0.0000 4.083e-08 4.083e-08 ( 0.01%)  
U1182                   1.126e-12    0.0000 4.083e-08 4.083e-08 ( 0.01%)  
U874                    1.123e-12    0.0000 4.083e-08 4.083e-08 ( 0.01%)  
U539                    1.116e-12    0.0000 2.249e-08 2.249e-08 ( 0.01%)  
U1370                   9.763e-13    0.0000 3.407e-08 3.407e-08 ( 0.01%)  
C4126                   9.683e-13    0.0000 3.277e-08 3.278e-08 ( 0.01%)  
U440                    9.532e-13    0.0000 2.200e-08 2.200e-08 ( 0.01%)  
U548                    9.532e-13    0.0000 2.200e-08 2.200e-08 ( 0.01%)  
U567                    9.532e-13    0.0000 2.200e-08 2.200e-08 ( 0.01%)  
U586                    9.532e-13    0.0000 2.200e-08 2.200e-08 ( 0.01%)  
U604                    9.532e-13    0.0000 2.200e-08 2.200e-08 ( 0.01%)  
U621                    9.532e-13    0.0000 2.200e-08 2.200e-08 ( 0.01%)  
U638                    9.532e-13    0.0000 2.200e-08 2.200e-08 ( 0.01%)  
U655                    9.532e-13    0.0000 2.200e-08 2.200e-08 ( 0.01%)  
U672                    9.532e-13    0.0000 2.200e-08 2.200e-08 ( 0.01%)  
U689                    9.532e-13    0.0000 2.200e-08 2.200e-08 ( 0.01%)  
U706                    9.532e-13    0.0000 2.200e-08 2.200e-08 ( 0.01%)  
U729                    9.532e-13    0.0000 2.200e-08 2.200e-08 ( 0.01%)  
U542                    9.488e-13    0.0000 2.200e-08 2.200e-08 ( 0.01%)  
U561                    9.488e-13    0.0000 2.200e-08 2.200e-08 ( 0.01%)  
U581                    9.488e-13    0.0000 2.200e-08 2.200e-08 ( 0.01%)  
U599                    9.488e-13    0.0000 2.200e-08 2.200e-08 ( 0.01%)  
U616                    9.488e-13    0.0000 2.200e-08 2.200e-08 ( 0.01%)  
U633                    9.488e-13    0.0000 2.200e-08 2.200e-08 ( 0.01%)  
U650                    9.488e-13    0.0000 2.200e-08 2.200e-08 ( 0.01%)  
U667                    9.488e-13    0.0000 2.200e-08 2.200e-08 ( 0.01%)  
U684                    9.488e-13    0.0000 2.200e-08 2.200e-08 ( 0.01%)  
U701                    9.488e-13    0.0000 2.200e-08 2.200e-08 ( 0.01%)  
U718                    9.488e-13    0.0000 2.200e-08 2.200e-08 ( 0.01%)  
U755                    9.488e-13    0.0000 2.200e-08 2.200e-08 ( 0.01%)  
C3044                   9.471e-13    0.0000 3.277e-08 3.278e-08 ( 0.01%)  
C3092                   9.471e-13    0.0000 3.277e-08 3.278e-08 ( 0.01%)  
C2978                   9.383e-13    0.0000 3.277e-08 3.278e-08 ( 0.01%)  
C3034                   9.359e-13    0.0000 4.602e-08 4.602e-08 ( 0.02%)  
C2976                   9.358e-13    0.0000 4.602e-08 4.602e-08 ( 0.02%)  
C3078                   9.351e-13    0.0000 4.602e-08 4.602e-08 ( 0.02%)  
C3055                   9.349e-13    0.0000 4.602e-08 4.602e-08 ( 0.02%)  
C3103                   9.349e-13    0.0000 4.602e-08 4.602e-08 ( 0.02%)  
C3068                   9.341e-13    0.0000 3.277e-08 3.278e-08 ( 0.01%)  
C2971                   9.336e-13    0.0000 4.602e-08 4.602e-08 ( 0.02%)  
C3058                   9.336e-13    0.0000 4.602e-08 4.602e-08 ( 0.02%)  
C3035                   9.275e-13    0.0000 3.277e-08 3.278e-08 ( 0.01%)  
C2973                   9.273e-13    0.0000 3.277e-08 3.278e-08 ( 0.01%)  
C3059                   9.273e-13    0.0000 3.277e-08 3.278e-08 ( 0.01%)  
U1241                   7.342e-13    0.0000 5.433e-08 5.433e-08 ( 0.02%)  
C1572                   7.072e-13    0.0000 3.274e-08 3.274e-08 ( 0.01%)  
C3041                   6.905e-13    0.0000 3.274e-08 3.274e-08 ( 0.01%)  
C3042                   6.905e-13    0.0000 3.274e-08 3.274e-08 ( 0.01%)  
C3089                   6.905e-13    0.0000 3.274e-08 3.274e-08 ( 0.01%)  
C3090                   6.905e-13    0.0000 3.274e-08 3.274e-08 ( 0.01%)  
C3841                   6.902e-13    0.0000 2.089e-08 2.089e-08 ( 0.01%)  
C1419                   6.890e-13    0.0000 2.089e-08 2.089e-08 ( 0.01%)  
C3037                   6.855e-13    0.0000 3.274e-08 3.274e-08 ( 0.01%)  
C3085                   6.855e-13    0.0000 3.274e-08 3.274e-08 ( 0.01%)  
C730                    6.847e-13    0.0000 3.274e-08 3.274e-08 ( 0.01%)  
C1633                   6.828e-13    0.0000 3.276e-08 3.276e-08 ( 0.01%)  
C1602                   6.826e-13    0.0000 3.276e-08 3.276e-08 ( 0.01%)  
C3038                   6.818e-13    0.0000 2.089e-08 2.089e-08 ( 0.01%)  
C3086                   6.818e-13    0.0000 2.089e-08 2.089e-08 ( 0.01%)  
C2067                   6.803e-13    0.0000 3.276e-08 3.276e-08 ( 0.01%)  
C3053                   6.787e-13    0.0000 2.089e-08 2.089e-08 ( 0.01%)  
C3054                   6.787e-13    0.0000 2.089e-08 2.089e-08 ( 0.01%)  
C3101                   6.787e-13    0.0000 2.089e-08 2.089e-08 ( 0.01%)  
C3102                   6.787e-13    0.0000 2.089e-08 2.089e-08 ( 0.01%)  
C3077                   6.782e-13    0.0000 2.089e-08 2.089e-08 ( 0.01%)  
C3079                   6.782e-13    0.0000 2.089e-08 2.089e-08 ( 0.01%)  
C3065                   6.777e-13    0.0000 3.274e-08 3.274e-08 ( 0.01%)  
C3067                   6.777e-13    0.0000 3.274e-08 3.274e-08 ( 0.01%)  
C2669                   6.765e-13    0.0000 2.781e-08 2.781e-08 ( 0.01%)  
C738                    6.737e-13    0.0000 3.274e-08 3.274e-08 ( 0.01%)  
C8                      6.410e-13    0.0000 2.778e-08 2.778e-08 ( 0.01%)  
U1163                   6.326e-13    0.0000 4.017e-08 4.018e-08 ( 0.01%)  
U1348                   5.895e-13    0.0000 4.615e-08 4.615e-08 ( 0.02%)  
C600                    5.496e-13    0.0000 2.083e-08 2.083e-08 ( 0.01%)  
C535                    5.464e-13    0.0000 2.083e-08 2.083e-08 ( 0.01%)  
C587                    5.457e-13    0.0000 2.084e-08 2.084e-08 ( 0.01%)  
C616                    5.220e-13    0.0000 2.083e-08 2.083e-08 ( 0.01%)  
C1821                   5.130e-13    0.0000 2.084e-08 2.084e-08 ( 0.01%)  
C1852                   5.130e-13    0.0000 2.084e-08 2.084e-08 ( 0.01%)  
C1914                   5.130e-13    0.0000 2.084e-08 2.084e-08 ( 0.01%)  
C1945                   5.130e-13    0.0000 2.084e-08 2.084e-08 ( 0.01%)  
C2007                   5.130e-13    0.0000 2.084e-08 2.084e-08 ( 0.01%)  
C2038                   5.130e-13    0.0000 2.084e-08 2.084e-08 ( 0.01%)  
C2069                   5.130e-13    0.0000 2.084e-08 2.084e-08 ( 0.01%)  
C526                    5.085e-13    0.0000 2.083e-08 2.083e-08 ( 0.01%)  
C631                    5.085e-13    0.0000 2.083e-08 2.083e-08 ( 0.01%)  
C642                    5.085e-13    0.0000 2.083e-08 2.083e-08 ( 0.01%)  
C552                    5.080e-13    0.0000 2.083e-08 2.083e-08 ( 0.01%)  
C591                    5.080e-13    0.0000 2.083e-08 2.083e-08 ( 0.01%)  
C657                    5.080e-13    0.0000 2.083e-08 2.083e-08 ( 0.01%)  
C668                    5.080e-13    0.0000 2.083e-08 2.083e-08 ( 0.01%)  
C696                    5.080e-13    0.0000 2.083e-08 2.083e-08 ( 0.01%)  
C707                    5.080e-13    0.0000 2.083e-08 2.083e-08 ( 0.01%)  
C551                    5.077e-13    0.0000 2.083e-08 2.083e-08 ( 0.01%)  
C643                    5.077e-13    0.0000 2.083e-08 2.083e-08 ( 0.01%)  
C708                    5.076e-13    0.0000 2.083e-08 2.083e-08 ( 0.01%)  
C652                    5.013e-13    0.0000 2.083e-08 2.083e-08 ( 0.01%)  
U337                    4.895e-13    0.0000 5.089e-08 5.089e-08 ( 0.02%)  
U338                    4.895e-13    0.0000 5.089e-08 5.089e-08 ( 0.02%)  
U339                    4.895e-13    0.0000 5.089e-08 5.089e-08 ( 0.02%)  
U340                    4.895e-13    0.0000 5.089e-08 5.089e-08 ( 0.02%)  
U341                    4.895e-13    0.0000 5.089e-08 5.089e-08 ( 0.02%)  
U349                    4.895e-13    0.0000 5.089e-08 5.089e-08 ( 0.02%)  
U350                    4.895e-13    0.0000 5.089e-08 5.089e-08 ( 0.02%)  
C626                    4.843e-13    0.0000 2.083e-08 2.083e-08 ( 0.01%)  
C639                    4.774e-13    0.0000 2.084e-08 2.084e-08 ( 0.01%)  
C691                    4.733e-13    0.0000 2.083e-08 2.083e-08 ( 0.01%)  
U342                    4.680e-13    0.0000 2.814e-08 2.814e-08 ( 0.01%)  
U1162                   4.680e-13    0.0000 2.814e-08 2.814e-08 ( 0.01%)  
U1164                   4.680e-13    0.0000 2.814e-08 2.814e-08 ( 0.01%)  
U1166                   4.680e-13    0.0000 2.814e-08 2.814e-08 ( 0.01%)  
U355                    4.384e-13    0.0000 2.896e-08 2.896e-08 ( 0.01%)  
U1461                   4.318e-13    0.0000 7.506e-10 7.511e-10 ( 0.00%)  
U1467                   4.315e-13    0.0000 7.506e-10 7.510e-10 ( 0.00%)  
U1457                   4.080e-13    0.0000 7.506e-10 7.510e-10 ( 0.00%)  
U446                    3.528e-13    0.0000 2.200e-08 2.200e-08 ( 0.01%)  
U552                    3.528e-13    0.0000 2.200e-08 2.200e-08 ( 0.01%)  
U571                    3.528e-13    0.0000 2.200e-08 2.200e-08 ( 0.01%)  
U590                    3.528e-13    0.0000 2.200e-08 2.200e-08 ( 0.01%)  
U608                    3.528e-13    0.0000 2.200e-08 2.200e-08 ( 0.01%)  
U625                    3.528e-13    0.0000 2.200e-08 2.200e-08 ( 0.01%)  
U642                    3.528e-13    0.0000 2.200e-08 2.200e-08 ( 0.01%)  
U659                    3.528e-13    0.0000 2.200e-08 2.200e-08 ( 0.01%)  
U676                    3.528e-13    0.0000 2.200e-08 2.200e-08 ( 0.01%)  
U693                    3.528e-13    0.0000 2.200e-08 2.200e-08 ( 0.01%)  
U710                    3.528e-13    0.0000 2.200e-08 2.200e-08 ( 0.01%)  
U738                    3.528e-13    0.0000 2.200e-08 2.200e-08 ( 0.01%)  
U454                    3.499e-13    0.0000 2.815e-08 2.815e-08 ( 0.01%)  
U556                    3.499e-13    0.0000 2.815e-08 2.815e-08 ( 0.01%)  
U575                    3.499e-13    0.0000 2.815e-08 2.815e-08 ( 0.01%)  
U594                    3.499e-13    0.0000 2.815e-08 2.815e-08 ( 0.01%)  
U611                    3.499e-13    0.0000 2.815e-08 2.815e-08 ( 0.01%)  
U628                    3.499e-13    0.0000 2.815e-08 2.815e-08 ( 0.01%)  
U645                    3.499e-13    0.0000 2.815e-08 2.815e-08 ( 0.01%)  
U662                    3.499e-13    0.0000 2.815e-08 2.815e-08 ( 0.01%)  
U679                    3.499e-13    0.0000 2.815e-08 2.815e-08 ( 0.01%)  
U696                    3.499e-13    0.0000 2.815e-08 2.815e-08 ( 0.01%)  
U713                    3.499e-13    0.0000 2.815e-08 2.815e-08 ( 0.01%)  
U744                    3.499e-13    0.0000 2.815e-08 2.815e-08 ( 0.01%)  
U442                    3.362e-13    0.0000 2.200e-08 2.200e-08 ( 0.01%)  
U569                    3.362e-13    0.0000 2.200e-08 2.200e-08 ( 0.01%)  
U606                    3.362e-13    0.0000 2.200e-08 2.200e-08 ( 0.01%)  
U640                    3.362e-13    0.0000 2.200e-08 2.200e-08 ( 0.01%)  
U674                    3.362e-13    0.0000 2.200e-08 2.200e-08 ( 0.01%)  
U708                    3.362e-13    0.0000 2.200e-08 2.200e-08 ( 0.01%)  
U550                    3.345e-13    0.0000 2.200e-08 2.200e-08 ( 0.01%)  
U588                    3.345e-13    0.0000 2.200e-08 2.200e-08 ( 0.01%)  
U623                    3.345e-13    0.0000 2.200e-08 2.200e-08 ( 0.01%)  
U657                    3.345e-13    0.0000 2.200e-08 2.200e-08 ( 0.01%)  
U691                    3.345e-13    0.0000 2.200e-08 2.200e-08 ( 0.01%)  
U734                    3.345e-13    0.0000 2.200e-08 2.200e-08 ( 0.01%)  
C2111                   3.142e-13    0.0000 4.604e-08 4.604e-08 ( 0.02%)  
C2142                   3.142e-13    0.0000 4.604e-08 4.604e-08 ( 0.02%)  
C2173                   3.142e-13    0.0000 4.604e-08 4.604e-08 ( 0.02%)  
C2204                   3.142e-13    0.0000 4.604e-08 4.604e-08 ( 0.02%)  
C2235                   3.142e-13    0.0000 4.604e-08 4.604e-08 ( 0.02%)  
C2266                   3.142e-13    0.0000 4.604e-08 4.604e-08 ( 0.02%)  
C2297                   3.142e-13    0.0000 4.604e-08 4.604e-08 ( 0.02%)  
C2328                   3.142e-13    0.0000 4.604e-08 4.604e-08 ( 0.02%)  
C2390                   3.142e-13    0.0000 4.604e-08 4.604e-08 ( 0.02%)  
C2452                   3.142e-13    0.0000 4.604e-08 4.604e-08 ( 0.02%)  
C2483                   3.142e-13    0.0000 4.604e-08 4.604e-08 ( 0.02%)  
C2514                   3.142e-13    0.0000 4.604e-08 4.604e-08 ( 0.02%)  
C2545                   3.142e-13    0.0000 4.604e-08 4.604e-08 ( 0.02%)  
C2576                   3.142e-13    0.0000 4.604e-08 4.604e-08 ( 0.02%)  
C23591                  3.142e-13    0.0000 4.604e-08 4.604e-08 ( 0.02%)  
C24211                  3.142e-13    0.0000 4.604e-08 4.604e-08 ( 0.02%)  
C3885                   2.808e-13    0.0000 2.095e-08 2.095e-08 ( 0.01%)  
C1616                   2.778e-13    0.0000 4.604e-08 4.604e-08 ( 0.02%)  
C1647                   2.778e-13    0.0000 4.604e-08 4.604e-08 ( 0.02%)  
C1678                   2.778e-13    0.0000 4.604e-08 4.604e-08 ( 0.02%)  
C1709                   2.778e-13    0.0000 4.604e-08 4.604e-08 ( 0.02%)  
C1740                   2.778e-13    0.0000 4.604e-08 4.604e-08 ( 0.02%)  
C1771                   2.778e-13    0.0000 4.604e-08 4.604e-08 ( 0.02%)  
C1802                   2.778e-13    0.0000 4.604e-08 4.604e-08 ( 0.02%)  
C1833                   2.778e-13    0.0000 4.604e-08 4.604e-08 ( 0.02%)  
C1864                   2.778e-13    0.0000 4.604e-08 4.604e-08 ( 0.02%)  
C1895                   2.778e-13    0.0000 4.604e-08 4.604e-08 ( 0.02%)  
C1926                   2.778e-13    0.0000 4.604e-08 4.604e-08 ( 0.02%)  
C1957                   2.778e-13    0.0000 4.604e-08 4.604e-08 ( 0.02%)  
C1988                   2.778e-13    0.0000 4.604e-08 4.604e-08 ( 0.02%)  
C2019                   2.778e-13    0.0000 4.604e-08 4.604e-08 ( 0.02%)  
C2050                   2.778e-13    0.0000 4.604e-08 4.604e-08 ( 0.02%)  
C2081                   2.778e-13    0.0000 4.604e-08 4.604e-08 ( 0.02%)  
C3882                   2.702e-13    0.0000 2.095e-08 2.095e-08 ( 0.01%)  
C845                    2.627e-13    0.0000 4.604e-08 4.604e-08 ( 0.02%)  
C3070                   2.569e-13    0.0000 4.604e-08 4.605e-08 ( 0.02%)  
C3074                   2.569e-13    0.0000 4.604e-08 4.605e-08 ( 0.02%)  
C3048                   2.565e-13    0.0000 2.095e-08 2.095e-08 ( 0.01%)  
C3052                   2.565e-13    0.0000 2.095e-08 2.095e-08 ( 0.01%)  
C3096                   2.565e-13    0.0000 2.095e-08 2.095e-08 ( 0.01%)  
C3100                   2.565e-13    0.0000 2.095e-08 2.095e-08 ( 0.01%)  
C3072                   2.564e-13    0.0000 2.095e-08 2.095e-08 ( 0.01%)  
C3076                   2.564e-13    0.0000 2.095e-08 2.095e-08 ( 0.01%)  
C3047                   2.562e-13    0.0000 4.604e-08 4.604e-08 ( 0.02%)  
C3051                   2.562e-13    0.0000 4.604e-08 4.604e-08 ( 0.02%)  
C3095                   2.562e-13    0.0000 4.604e-08 4.604e-08 ( 0.02%)  
C3099                   2.562e-13    0.0000 4.604e-08 4.604e-08 ( 0.02%)  
C3061                   2.561e-13    0.0000 4.604e-08 4.605e-08 ( 0.02%)  
C2972                   2.544e-13    0.0000 4.604e-08 4.604e-08 ( 0.02%)  
C2974                   2.544e-13    0.0000 4.604e-08 4.604e-08 ( 0.02%)  
C2980                   2.486e-13    0.0000 2.095e-08 2.095e-08 ( 0.01%)  
C2982                   2.486e-13    0.0000 2.095e-08 2.095e-08 ( 0.01%)  
C3063                   2.482e-13    0.0000 2.095e-08 2.095e-08 ( 0.01%)  
C3879                   2.482e-13    0.0000 2.095e-08 2.095e-08 ( 0.01%)  
U260                    1.949e-13    0.0000 3.152e-08 3.152e-08 ( 0.01%)  
B_3                        0.0000    0.0000 6.416e-08 6.416e-08 ( 0.02%)  
B_8                        0.0000    0.0000 6.416e-08 6.416e-08 ( 0.02%)  
B_231                      0.0000    0.0000 6.416e-08 6.416e-08 ( 0.02%)  
C361                       0.0000    0.0000 5.016e-08 5.016e-08 ( 0.02%)  
C362                       0.0000    0.0000 3.482e-08 3.482e-08 ( 0.01%)  
C363                       0.0000    0.0000 3.482e-08 3.482e-08 ( 0.01%)  
C364                       0.0000    0.0000 3.482e-08 3.482e-08 ( 0.01%)  
C365                       0.0000    0.0000 3.482e-08 3.482e-08 ( 0.01%)  
C366                       0.0000    0.0000 3.482e-08 3.482e-08 ( 0.01%)  
C367                       0.0000    0.0000 3.482e-08 3.482e-08 ( 0.01%)  
C368                       0.0000    0.0000 4.616e-08 4.616e-08 ( 0.02%)  
C370                       0.0000    0.0000 2.083e-08 2.083e-08 ( 0.01%)  
C371                       0.0000    0.0000 4.616e-08 4.616e-08 ( 0.02%)  
C373                       0.0000    0.0000 4.616e-08 4.616e-08 ( 0.02%)  
C375                       0.0000    0.0000 2.083e-08 2.083e-08 ( 0.01%)  
C376                       0.0000    0.0000 4.616e-08 4.616e-08 ( 0.02%)  
C378                       0.0000    0.0000 2.083e-08 2.083e-08 ( 0.01%)  
C465                       0.0000    0.0000 3.482e-08 3.482e-08 ( 0.01%)  
C466                       0.0000    0.0000 2.083e-08 2.083e-08 ( 0.01%)  
C483                       0.0000    0.0000 4.616e-08 4.616e-08 ( 0.02%)  
C532                       0.0000    0.0000 3.482e-08 3.482e-08 ( 0.01%)  
C533                       0.0000    0.0000 3.482e-08 3.482e-08 ( 0.01%)  
C534                       0.0000    0.0000 3.482e-08 3.482e-08 ( 0.01%)  
C595                       0.0000    0.0000 3.482e-08 3.482e-08 ( 0.01%)  
C596                       0.0000    0.0000 3.482e-08 3.482e-08 ( 0.01%)  
C597                       0.0000    0.0000 3.482e-08 3.482e-08 ( 0.01%)  
C598                       0.0000    0.0000 3.482e-08 3.482e-08 ( 0.01%)  
C599                       0.0000    0.0000 3.482e-08 3.482e-08 ( 0.01%)  
C622                       0.0000    0.0000 3.482e-08 3.482e-08 ( 0.01%)  
C623                       0.0000    0.0000 3.482e-08 3.482e-08 ( 0.01%)  
C624                       0.0000    0.0000 3.482e-08 3.482e-08 ( 0.01%)  
C625                       0.0000    0.0000 3.482e-08 3.482e-08 ( 0.01%)  
C647                       0.0000    0.0000 3.482e-08 3.482e-08 ( 0.01%)  
C648                       0.0000    0.0000 3.482e-08 3.482e-08 ( 0.01%)  
C649                       0.0000    0.0000 3.482e-08 3.482e-08 ( 0.01%)  
C650                       0.0000    0.0000 3.482e-08 3.482e-08 ( 0.01%)  
C651                       0.0000    0.0000 3.482e-08 3.482e-08 ( 0.01%)  
C686                       0.0000    0.0000 3.482e-08 3.482e-08 ( 0.01%)  
C687                       0.0000    0.0000 3.482e-08 3.482e-08 ( 0.01%)  
C688                       0.0000    0.0000 3.482e-08 3.482e-08 ( 0.01%)  
C689                       0.0000    0.0000 3.482e-08 3.482e-08 ( 0.01%)  
C690                       0.0000    0.0000 3.482e-08 3.482e-08 ( 0.01%)  
C704                       0.0000    0.0000 2.083e-08 2.083e-08 ( 0.01%)  
C711                       0.0000    0.0000 3.482e-08 3.482e-08 ( 0.01%)  
C727                       0.0000    0.0000 3.482e-08 3.482e-08 ( 0.01%)  
C728                       0.0000    0.0000 3.482e-08 3.482e-08 ( 0.01%)  
C729                       0.0000    0.0000 4.616e-08 4.616e-08 ( 0.02%)  
C732                       0.0000    0.0000 4.616e-08 4.616e-08 ( 0.02%)  
C733                       0.0000    0.0000 2.083e-08 2.083e-08 ( 0.01%)  
C740                       0.0000    0.0000 3.482e-08 3.482e-08 ( 0.01%)  
C741                       0.0000    0.0000 3.482e-08 3.482e-08 ( 0.01%)  
C742                       0.0000    0.0000 3.482e-08 3.482e-08 ( 0.01%)  
C745                       0.0000    0.0000 3.482e-08 3.482e-08 ( 0.01%)  
C747                       0.0000    0.0000 4.616e-08 4.616e-08 ( 0.02%)  
C748                       0.0000    0.0000 4.616e-08 4.616e-08 ( 0.02%)  
C750                       0.0000    0.0000 4.042e-08 4.042e-08 ( 0.01%)  
C752                       0.0000    0.0000 2.083e-08 2.083e-08 ( 0.01%)  
C754                       0.0000    0.0000 2.083e-08 2.083e-08 ( 0.01%)  
C756                       0.0000    0.0000 3.482e-08 3.482e-08 ( 0.01%)  
C759                       0.0000    0.0000 3.482e-08 3.482e-08 ( 0.01%)  
C760                       0.0000    0.0000 3.482e-08 3.482e-08 ( 0.01%)  
C770                       0.0000    0.0000 4.616e-08 4.616e-08 ( 0.02%)  
C771                       0.0000    0.0000 4.616e-08 4.616e-08 ( 0.02%)  
C779                       0.0000    0.0000 2.083e-08 2.083e-08 ( 0.01%)  
C796                       0.0000    0.0000 3.482e-08 3.482e-08 ( 0.01%)  
C797                       0.0000    0.0000 3.482e-08 3.482e-08 ( 0.01%)  
C798                       0.0000    0.0000 3.482e-08 3.482e-08 ( 0.01%)  
C820                       0.0000    0.0000 3.482e-08 3.482e-08 ( 0.01%)  
C821                       0.0000    0.0000 3.482e-08 3.482e-08 ( 0.01%)  
C822                       0.0000    0.0000 3.482e-08 3.482e-08 ( 0.01%)  
C824                       0.0000    0.0000 2.083e-08 2.083e-08 ( 0.01%)  
C830                       0.0000    0.0000 3.482e-08 3.482e-08 ( 0.01%)  
C831                       0.0000    0.0000 3.482e-08 3.482e-08 ( 0.01%)  
C839                       0.0000    0.0000 4.616e-08 4.616e-08 ( 0.02%)  
C842                       0.0000    0.0000 2.083e-08 2.083e-08 ( 0.01%)  
C844                       0.0000    0.0000 2.083e-08 2.083e-08 ( 0.01%)  
C853                       0.0000    0.0000 3.482e-08 3.482e-08 ( 0.01%)  
C857                       0.0000    0.0000 4.616e-08 4.616e-08 ( 0.02%)  
C895                       0.0000    0.0000 3.482e-08 3.482e-08 ( 0.01%)  
C904                       0.0000    0.0000 3.680e-08 3.680e-08 ( 0.01%)  
C908                       0.0000    0.0000 4.042e-08 4.042e-08 ( 0.01%)  
C910                       0.0000    0.0000 3.279e-08 3.279e-08 ( 0.01%)  
C1412                      0.0000    0.0000 4.616e-08 4.616e-08 ( 0.02%)  
C1420                      0.0000    0.0000 2.083e-08 2.083e-08 ( 0.01%)  
C1421                      0.0000    0.0000 2.083e-08 2.083e-08 ( 0.01%)  
C1429                      0.0000    0.0000 4.616e-08 4.616e-08 ( 0.02%)  
C1431                      0.0000    0.0000 4.042e-08 4.042e-08 ( 0.01%)  
C1432                      0.0000    0.0000 4.616e-08 4.616e-08 ( 0.02%)  
C1433                      0.0000    0.0000 3.482e-08 3.482e-08 ( 0.01%)  
C1434                      0.0000    0.0000 2.083e-08 2.083e-08 ( 0.01%)  
C1446                      0.0000    0.0000 4.616e-08 4.616e-08 ( 0.02%)  
C1492                      0.0000    0.0000 2.083e-08 2.083e-08 ( 0.01%)  
C1498                      0.0000    0.0000 4.616e-08 4.616e-08 ( 0.02%)  
C1500                      0.0000    0.0000 2.083e-08 2.083e-08 ( 0.01%)  
C1506                      0.0000    0.0000 4.616e-08 4.616e-08 ( 0.02%)  
C1508                      0.0000    0.0000 2.083e-08 2.083e-08 ( 0.01%)  
C1514                      0.0000    0.0000 4.616e-08 4.616e-08 ( 0.02%)  
C1516                      0.0000    0.0000 2.083e-08 2.083e-08 ( 0.01%)  
C1522                      0.0000    0.0000 4.616e-08 4.616e-08 ( 0.02%)  
C1524                      0.0000    0.0000 2.083e-08 2.083e-08 ( 0.01%)  
C1530                      0.0000    0.0000 4.616e-08 4.616e-08 ( 0.02%)  
C1532                      0.0000    0.0000 2.083e-08 2.083e-08 ( 0.01%)  
C1538                      0.0000    0.0000 4.616e-08 4.616e-08 ( 0.02%)  
C1540                      0.0000    0.0000 2.083e-08 2.083e-08 ( 0.01%)  
C1546                      0.0000    0.0000 4.616e-08 4.616e-08 ( 0.02%)  
C1548                      0.0000    0.0000 2.083e-08 2.083e-08 ( 0.01%)  
C1554                      0.0000    0.0000 4.616e-08 4.616e-08 ( 0.02%)  
C1556                      0.0000    0.0000 2.083e-08 2.083e-08 ( 0.01%)  
C1562                      0.0000    0.0000 4.616e-08 4.616e-08 ( 0.02%)  
C1564                      0.0000    0.0000 2.083e-08 2.083e-08 ( 0.01%)  
C1570                      0.0000    0.0000 4.616e-08 4.616e-08 ( 0.02%)  
C1578                      0.0000    0.0000 4.616e-08 4.616e-08 ( 0.02%)  
C1580                      0.0000    0.0000 2.083e-08 2.083e-08 ( 0.01%)  
C1586                      0.0000    0.0000 4.616e-08 4.616e-08 ( 0.02%)  
C1587                      0.0000    0.0000 3.482e-08 3.482e-08 ( 0.01%)  
C1588                      0.0000    0.0000 3.482e-08 3.482e-08 ( 0.01%)  
C1589                      0.0000    0.0000 3.482e-08 3.482e-08 ( 0.01%)  
C1590                      0.0000    0.0000 3.482e-08 3.482e-08 ( 0.01%)  
C1591                      0.0000    0.0000 3.482e-08 3.482e-08 ( 0.01%)  
C1592                      0.0000    0.0000 3.482e-08 3.482e-08 ( 0.01%)  
C1593                      0.0000    0.0000 3.482e-08 3.482e-08 ( 0.01%)  
C1594                      0.0000    0.0000 3.482e-08 3.482e-08 ( 0.01%)  
C1595                      0.0000    0.0000 3.482e-08 3.482e-08 ( 0.01%)  
C1596                      0.0000    0.0000 3.482e-08 3.482e-08 ( 0.01%)  
C1597                      0.0000    0.0000 3.482e-08 3.482e-08 ( 0.01%)  
C1598                      0.0000    0.0000 3.482e-08 3.482e-08 ( 0.01%)  
C1599                      0.0000    0.0000 3.482e-08 3.482e-08 ( 0.01%)  
C1601                      0.0000    0.0000 3.482e-08 3.482e-08 ( 0.01%)  
C1603                      0.0000    0.0000 2.083e-08 2.083e-08 ( 0.01%)  
C1605                      0.0000    0.0000 2.083e-08 2.083e-08 ( 0.01%)  
C1606                      0.0000    0.0000 2.083e-08 2.083e-08 ( 0.01%)  
C1607                      0.0000    0.0000 2.083e-08 2.083e-08 ( 0.01%)  
C1608                      0.0000    0.0000 2.083e-08 2.083e-08 ( 0.01%)  
C1609                      0.0000    0.0000 2.083e-08 2.083e-08 ( 0.01%)  
C1610                      0.0000    0.0000 2.083e-08 2.083e-08 ( 0.01%)  
C1611                      0.0000    0.0000 2.083e-08 2.083e-08 ( 0.01%)  
C1612                      0.0000    0.0000 2.083e-08 2.083e-08 ( 0.01%)  
C1613                      0.0000    0.0000 2.083e-08 2.083e-08 ( 0.01%)  
C1614                      0.0000    0.0000 2.083e-08 2.083e-08 ( 0.01%)  
C1615                      0.0000    0.0000 2.083e-08 2.083e-08 ( 0.01%)  
C1617                      0.0000    0.0000 2.083e-08 2.083e-08 ( 0.01%)  
C1618                      0.0000    0.0000 3.482e-08 3.482e-08 ( 0.01%)  
C1619                      0.0000    0.0000 3.482e-08 3.482e-08 ( 0.01%)  
C1620                      0.0000    0.0000 3.482e-08 3.482e-08 ( 0.01%)  
C1621                      0.0000    0.0000 3.482e-08 3.482e-08 ( 0.01%)  
C1622                      0.0000    0.0000 3.482e-08 3.482e-08 ( 0.01%)  
C1623                      0.0000    0.0000 3.482e-08 3.482e-08 ( 0.01%)  
C1624                      0.0000    0.0000 3.482e-08 3.482e-08 ( 0.01%)  
C1625                      0.0000    0.0000 3.482e-08 3.482e-08 ( 0.01%)  
C1626                      0.0000    0.0000 3.482e-08 3.482e-08 ( 0.01%)  
C1627                      0.0000    0.0000 3.482e-08 3.482e-08 ( 0.01%)  
C1628                      0.0000    0.0000 3.482e-08 3.482e-08 ( 0.01%)  
C1629                      0.0000    0.0000 3.482e-08 3.482e-08 ( 0.01%)  
C1630                      0.0000    0.0000 3.482e-08 3.482e-08 ( 0.01%)  
C1632                      0.0000    0.0000 3.482e-08 3.482e-08 ( 0.01%)  
C1634                      0.0000    0.0000 2.083e-08 2.083e-08 ( 0.01%)  
C1636                      0.0000    0.0000 2.083e-08 2.083e-08 ( 0.01%)  
C1637                      0.0000    0.0000 2.083e-08 2.083e-08 ( 0.01%)  
C1638                      0.0000    0.0000 2.083e-08 2.083e-08 ( 0.01%)  
C1639                      0.0000    0.0000 2.083e-08 2.083e-08 ( 0.01%)  
C1640                      0.0000    0.0000 2.083e-08 2.083e-08 ( 0.01%)  
C1641                      0.0000    0.0000 2.083e-08 2.083e-08 ( 0.01%)  
C1642                      0.0000    0.0000 2.083e-08 2.083e-08 ( 0.01%)  
C1643                      0.0000    0.0000 2.083e-08 2.083e-08 ( 0.01%)  
C1644                      0.0000    0.0000 2.083e-08 2.083e-08 ( 0.01%)  
C1645                      0.0000    0.0000 2.083e-08 2.083e-08 ( 0.01%)  
C1646                      0.0000    0.0000 2.083e-08 2.083e-08 ( 0.01%)  
C1648                      0.0000    0.0000 2.083e-08 2.083e-08 ( 0.01%)  
C1649                      0.0000    0.0000 3.482e-08 3.482e-08 ( 0.01%)  
C1650                      0.0000    0.0000 3.482e-08 3.482e-08 ( 0.01%)  
C1651                      0.0000    0.0000 3.482e-08 3.482e-08 ( 0.01%)  
C1652                      0.0000    0.0000 3.482e-08 3.482e-08 ( 0.01%)  
C1653                      0.0000    0.0000 3.482e-08 3.482e-08 ( 0.01%)  
C1654                      0.0000    0.0000 3.482e-08 3.482e-08 ( 0.01%)  
C1655                      0.0000    0.0000 3.482e-08 3.482e-08 ( 0.01%)  
C1656                      0.0000    0.0000 3.482e-08 3.482e-08 ( 0.01%)  
C1657                      0.0000    0.0000 3.482e-08 3.482e-08 ( 0.01%)  
C1658                      0.0000    0.0000 3.482e-08 3.482e-08 ( 0.01%)  
C1659                      0.0000    0.0000 3.482e-08 3.482e-08 ( 0.01%)  
C1660                      0.0000    0.0000 3.482e-08 3.482e-08 ( 0.01%)  
C1661                      0.0000    0.0000 3.482e-08 3.482e-08 ( 0.01%)  
C1663                      0.0000    0.0000 3.482e-08 3.482e-08 ( 0.01%)  
C1665                      0.0000    0.0000 2.083e-08 2.083e-08 ( 0.01%)  
C1667                      0.0000    0.0000 2.083e-08 2.083e-08 ( 0.01%)  
C1668                      0.0000    0.0000 2.083e-08 2.083e-08 ( 0.01%)  
C1669                      0.0000    0.0000 2.083e-08 2.083e-08 ( 0.01%)  
C1670                      0.0000    0.0000 2.083e-08 2.083e-08 ( 0.01%)  
C1671                      0.0000    0.0000 2.083e-08 2.083e-08 ( 0.01%)  
C1672                      0.0000    0.0000 2.083e-08 2.083e-08 ( 0.01%)  
C1673                      0.0000    0.0000 2.083e-08 2.083e-08 ( 0.01%)  
C1674                      0.0000    0.0000 2.083e-08 2.083e-08 ( 0.01%)  
C1675                      0.0000    0.0000 2.083e-08 2.083e-08 ( 0.01%)  
C1676                      0.0000    0.0000 2.083e-08 2.083e-08 ( 0.01%)  
C1677                      0.0000    0.0000 2.083e-08 2.083e-08 ( 0.01%)  
C1679                      0.0000    0.0000 2.083e-08 2.083e-08 ( 0.01%)  
C1680                      0.0000    0.0000 3.482e-08 3.482e-08 ( 0.01%)  
C1681                      0.0000    0.0000 3.482e-08 3.482e-08 ( 0.01%)  
C1682                      0.0000    0.0000 3.482e-08 3.482e-08 ( 0.01%)  
C1683                      0.0000    0.0000 3.482e-08 3.482e-08 ( 0.01%)  
C1684                      0.0000    0.0000 3.482e-08 3.482e-08 ( 0.01%)  
C1685                      0.0000    0.0000 3.482e-08 3.482e-08 ( 0.01%)  
C1686                      0.0000    0.0000 3.482e-08 3.482e-08 ( 0.01%)  
C1687                      0.0000    0.0000 3.482e-08 3.482e-08 ( 0.01%)  
C1688                      0.0000    0.0000 3.482e-08 3.482e-08 ( 0.01%)  
C1689                      0.0000    0.0000 3.482e-08 3.482e-08 ( 0.01%)  
C1690                      0.0000    0.0000 3.482e-08 3.482e-08 ( 0.01%)  
C1691                      0.0000    0.0000 3.482e-08 3.482e-08 ( 0.01%)  
C1692                      0.0000    0.0000 3.482e-08 3.482e-08 ( 0.01%)  
C1694                      0.0000    0.0000 3.482e-08 3.482e-08 ( 0.01%)  
C1696                      0.0000    0.0000 2.083e-08 2.083e-08 ( 0.01%)  
C1698                      0.0000    0.0000 2.083e-08 2.083e-08 ( 0.01%)  
C1699                      0.0000    0.0000 2.083e-08 2.083e-08 ( 0.01%)  
C1700                      0.0000    0.0000 2.083e-08 2.083e-08 ( 0.01%)  
C1701                      0.0000    0.0000 2.083e-08 2.083e-08 ( 0.01%)  
C1702                      0.0000    0.0000 2.083e-08 2.083e-08 ( 0.01%)  
C1703                      0.0000    0.0000 2.083e-08 2.083e-08 ( 0.01%)  
C1704                      0.0000    0.0000 2.083e-08 2.083e-08 ( 0.01%)  
C1705                      0.0000    0.0000 2.083e-08 2.083e-08 ( 0.01%)  
C1706                      0.0000    0.0000 2.083e-08 2.083e-08 ( 0.01%)  
C1707                      0.0000    0.0000 2.083e-08 2.083e-08 ( 0.01%)  
C1708                      0.0000    0.0000 2.083e-08 2.083e-08 ( 0.01%)  
C1710                      0.0000    0.0000 2.083e-08 2.083e-08 ( 0.01%)  
C1711                      0.0000    0.0000 3.482e-08 3.482e-08 ( 0.01%)  
C1712                      0.0000    0.0000 3.482e-08 3.482e-08 ( 0.01%)  
C1713                      0.0000    0.0000 3.482e-08 3.482e-08 ( 0.01%)  
C1714                      0.0000    0.0000 3.482e-08 3.482e-08 ( 0.01%)  
C1715                      0.0000    0.0000 3.482e-08 3.482e-08 ( 0.01%)  
C1716                      0.0000    0.0000 3.482e-08 3.482e-08 ( 0.01%)  
C1717                      0.0000    0.0000 3.482e-08 3.482e-08 ( 0.01%)  
C1718                      0.0000    0.0000 3.482e-08 3.482e-08 ( 0.01%)  
C1719                      0.0000    0.0000 3.482e-08 3.482e-08 ( 0.01%)  
C1720                      0.0000    0.0000 3.482e-08 3.482e-08 ( 0.01%)  
C1721                      0.0000    0.0000 3.482e-08 3.482e-08 ( 0.01%)  
C1722                      0.0000    0.0000 3.482e-08 3.482e-08 ( 0.01%)  
C1723                      0.0000    0.0000 3.482e-08 3.482e-08 ( 0.01%)  
C1725                      0.0000    0.0000 3.482e-08 3.482e-08 ( 0.01%)  
C1727                      0.0000    0.0000 2.083e-08 2.083e-08 ( 0.01%)  
C1729                      0.0000    0.0000 2.083e-08 2.083e-08 ( 0.01%)  
C1730                      0.0000    0.0000 2.083e-08 2.083e-08 ( 0.01%)  
C1731                      0.0000    0.0000 2.083e-08 2.083e-08 ( 0.01%)  
C1732                      0.0000    0.0000 2.083e-08 2.083e-08 ( 0.01%)  
C1733                      0.0000    0.0000 2.083e-08 2.083e-08 ( 0.01%)  
C1734                      0.0000    0.0000 2.083e-08 2.083e-08 ( 0.01%)  
C1735                      0.0000    0.0000 2.083e-08 2.083e-08 ( 0.01%)  
C1736                      0.0000    0.0000 2.083e-08 2.083e-08 ( 0.01%)  
C1737                      0.0000    0.0000 2.083e-08 2.083e-08 ( 0.01%)  
C1738                      0.0000    0.0000 2.083e-08 2.083e-08 ( 0.01%)  
C1739                      0.0000    0.0000 2.083e-08 2.083e-08 ( 0.01%)  
C1741                      0.0000    0.0000 2.083e-08 2.083e-08 ( 0.01%)  
C1742                      0.0000    0.0000 3.482e-08 3.482e-08 ( 0.01%)  
C1743                      0.0000    0.0000 3.482e-08 3.482e-08 ( 0.01%)  
C1744                      0.0000    0.0000 3.482e-08 3.482e-08 ( 0.01%)  
C1745                      0.0000    0.0000 3.482e-08 3.482e-08 ( 0.01%)  
C1746                      0.0000    0.0000 3.482e-08 3.482e-08 ( 0.01%)  
C1747                      0.0000    0.0000 3.482e-08 3.482e-08 ( 0.01%)  
C1748                      0.0000    0.0000 3.482e-08 3.482e-08 ( 0.01%)  
C1749                      0.0000    0.0000 3.482e-08 3.482e-08 ( 0.01%)  
C1750                      0.0000    0.0000 3.482e-08 3.482e-08 ( 0.01%)  
C1751                      0.0000    0.0000 3.482e-08 3.482e-08 ( 0.01%)  
C1752                      0.0000    0.0000 3.482e-08 3.482e-08 ( 0.01%)  
C1753                      0.0000    0.0000 3.482e-08 3.482e-08 ( 0.01%)  
C1754                      0.0000    0.0000 3.482e-08 3.482e-08 ( 0.01%)  
C1756                      0.0000    0.0000 3.482e-08 3.482e-08 ( 0.01%)  
C1758                      0.0000    0.0000 2.083e-08 2.083e-08 ( 0.01%)  
C1760                      0.0000    0.0000 2.083e-08 2.083e-08 ( 0.01%)  
C1761                      0.0000    0.0000 2.083e-08 2.083e-08 ( 0.01%)  
C1762                      0.0000    0.0000 2.083e-08 2.083e-08 ( 0.01%)  
C1763                      0.0000    0.0000 2.083e-08 2.083e-08 ( 0.01%)  
C1764                      0.0000    0.0000 2.083e-08 2.083e-08 ( 0.01%)  
C1765                      0.0000    0.0000 2.083e-08 2.083e-08 ( 0.01%)  
C1766                      0.0000    0.0000 2.083e-08 2.083e-08 ( 0.01%)  
C1767                      0.0000    0.0000 2.083e-08 2.083e-08 ( 0.01%)  
C1768                      0.0000    0.0000 2.083e-08 2.083e-08 ( 0.01%)  
C1769                      0.0000    0.0000 2.083e-08 2.083e-08 ( 0.01%)  
C1770                      0.0000    0.0000 2.083e-08 2.083e-08 ( 0.01%)  
C1772                      0.0000    0.0000 2.083e-08 2.083e-08 ( 0.01%)  
C1773                      0.0000    0.0000 3.482e-08 3.482e-08 ( 0.01%)  
C1774                      0.0000    0.0000 3.482e-08 3.482e-08 ( 0.01%)  
C1775                      0.0000    0.0000 3.482e-08 3.482e-08 ( 0.01%)  
C1776                      0.0000    0.0000 3.482e-08 3.482e-08 ( 0.01%)  
C1777                      0.0000    0.0000 3.482e-08 3.482e-08 ( 0.01%)  
C1778                      0.0000    0.0000 3.482e-08 3.482e-08 ( 0.01%)  
C1779                      0.0000    0.0000 3.482e-08 3.482e-08 ( 0.01%)  
C1780                      0.0000    0.0000 3.482e-08 3.482e-08 ( 0.01%)  
C1781                      0.0000    0.0000 3.482e-08 3.482e-08 ( 0.01%)  
C1782                      0.0000    0.0000 3.482e-08 3.482e-08 ( 0.01%)  
C1783                      0.0000    0.0000 3.482e-08 3.482e-08 ( 0.01%)  
C1784                      0.0000    0.0000 3.482e-08 3.482e-08 ( 0.01%)  
C1785                      0.0000    0.0000 3.482e-08 3.482e-08 ( 0.01%)  
C1787                      0.0000    0.0000 3.482e-08 3.482e-08 ( 0.01%)  
C1789                      0.0000    0.0000 2.083e-08 2.083e-08 ( 0.01%)  
C1791                      0.0000    0.0000 2.083e-08 2.083e-08 ( 0.01%)  
C1792                      0.0000    0.0000 2.083e-08 2.083e-08 ( 0.01%)  
C1793                      0.0000    0.0000 2.083e-08 2.083e-08 ( 0.01%)  
C1794                      0.0000    0.0000 2.083e-08 2.083e-08 ( 0.01%)  
C1795                      0.0000    0.0000 2.083e-08 2.083e-08 ( 0.01%)  
C1796                      0.0000    0.0000 2.083e-08 2.083e-08 ( 0.01%)  
C1797                      0.0000    0.0000 2.083e-08 2.083e-08 ( 0.01%)  
C1798                      0.0000    0.0000 2.083e-08 2.083e-08 ( 0.01%)  
C1799                      0.0000    0.0000 2.083e-08 2.083e-08 ( 0.01%)  
C1800                      0.0000    0.0000 2.083e-08 2.083e-08 ( 0.01%)  
C1801                      0.0000    0.0000 2.083e-08 2.083e-08 ( 0.01%)  
C1803                      0.0000    0.0000 2.083e-08 2.083e-08 ( 0.01%)  
C1804                      0.0000    0.0000 3.482e-08 3.482e-08 ( 0.01%)  
C1805                      0.0000    0.0000 3.482e-08 3.482e-08 ( 0.01%)  
C1806                      0.0000    0.0000 3.482e-08 3.482e-08 ( 0.01%)  
C1807                      0.0000    0.0000 3.482e-08 3.482e-08 ( 0.01%)  
C1808                      0.0000    0.0000 3.482e-08 3.482e-08 ( 0.01%)  
C1809                      0.0000    0.0000 3.482e-08 3.482e-08 ( 0.01%)  
C1810                      0.0000    0.0000 3.482e-08 3.482e-08 ( 0.01%)  
C1811                      0.0000    0.0000 3.482e-08 3.482e-08 ( 0.01%)  
C1812                      0.0000    0.0000 3.482e-08 3.482e-08 ( 0.01%)  
C1813                      0.0000    0.0000 3.482e-08 3.482e-08 ( 0.01%)  
C1814                      0.0000    0.0000 3.482e-08 3.482e-08 ( 0.01%)  
C1815                      0.0000    0.0000 3.482e-08 3.482e-08 ( 0.01%)  
C1816                      0.0000    0.0000 3.482e-08 3.482e-08 ( 0.01%)  
C1817                      0.0000    0.0000 3.482e-08 3.482e-08 ( 0.01%)  
C1818                      0.0000    0.0000 3.482e-08 3.482e-08 ( 0.01%)  
C1820                      0.0000    0.0000 2.083e-08 2.083e-08 ( 0.01%)  
C1822                      0.0000    0.0000 2.083e-08 2.083e-08 ( 0.01%)  
C1823                      0.0000    0.0000 2.083e-08 2.083e-08 ( 0.01%)  
C1824                      0.0000    0.0000 2.083e-08 2.083e-08 ( 0.01%)  
C1825                      0.0000    0.0000 2.083e-08 2.083e-08 ( 0.01%)  
C1826                      0.0000    0.0000 2.083e-08 2.083e-08 ( 0.01%)  
C1827                      0.0000    0.0000 2.083e-08 2.083e-08 ( 0.01%)  
C1828                      0.0000    0.0000 2.083e-08 2.083e-08 ( 0.01%)  
C1829                      0.0000    0.0000 2.083e-08 2.083e-08 ( 0.01%)  
C1830                      0.0000    0.0000 2.083e-08 2.083e-08 ( 0.01%)  
C1831                      0.0000    0.0000 2.083e-08 2.083e-08 ( 0.01%)  
C1832                      0.0000    0.0000 2.083e-08 2.083e-08 ( 0.01%)  
C1834                      0.0000    0.0000 2.083e-08 2.083e-08 ( 0.01%)  
C1835                      0.0000    0.0000 3.482e-08 3.482e-08 ( 0.01%)  
C1836                      0.0000    0.0000 3.482e-08 3.482e-08 ( 0.01%)  
C1837                      0.0000    0.0000 3.482e-08 3.482e-08 ( 0.01%)  
C1838                      0.0000    0.0000 3.482e-08 3.482e-08 ( 0.01%)  
C1839                      0.0000    0.0000 3.482e-08 3.482e-08 ( 0.01%)  
C1840                      0.0000    0.0000 3.482e-08 3.482e-08 ( 0.01%)  
C1841                      0.0000    0.0000 3.482e-08 3.482e-08 ( 0.01%)  
C1842                      0.0000    0.0000 3.482e-08 3.482e-08 ( 0.01%)  
C1843                      0.0000    0.0000 3.482e-08 3.482e-08 ( 0.01%)  
C1844                      0.0000    0.0000 3.482e-08 3.482e-08 ( 0.01%)  
C1845                      0.0000    0.0000 3.482e-08 3.482e-08 ( 0.01%)  
C1846                      0.0000    0.0000 3.482e-08 3.482e-08 ( 0.01%)  
C1847                      0.0000    0.0000 3.482e-08 3.482e-08 ( 0.01%)  
C1848                      0.0000    0.0000 3.482e-08 3.482e-08 ( 0.01%)  
C1849                      0.0000    0.0000 3.482e-08 3.482e-08 ( 0.01%)  
C1851                      0.0000    0.0000 2.083e-08 2.083e-08 ( 0.01%)  
C1853                      0.0000    0.0000 2.083e-08 2.083e-08 ( 0.01%)  
C1854                      0.0000    0.0000 2.083e-08 2.083e-08 ( 0.01%)  
C1855                      0.0000    0.0000 2.083e-08 2.083e-08 ( 0.01%)  
C1856                      0.0000    0.0000 2.083e-08 2.083e-08 ( 0.01%)  
C1857                      0.0000    0.0000 2.083e-08 2.083e-08 ( 0.01%)  
C1858                      0.0000    0.0000 2.083e-08 2.083e-08 ( 0.01%)  
C1859                      0.0000    0.0000 2.083e-08 2.083e-08 ( 0.01%)  
C1860                      0.0000    0.0000 2.083e-08 2.083e-08 ( 0.01%)  
C1861                      0.0000    0.0000 2.083e-08 2.083e-08 ( 0.01%)  
C1862                      0.0000    0.0000 2.083e-08 2.083e-08 ( 0.01%)  
C1863                      0.0000    0.0000 2.083e-08 2.083e-08 ( 0.01%)  
C1865                      0.0000    0.0000 2.083e-08 2.083e-08 ( 0.01%)  
C1866                      0.0000    0.0000 3.482e-08 3.482e-08 ( 0.01%)  
C1867                      0.0000    0.0000 3.482e-08 3.482e-08 ( 0.01%)  
C1868                      0.0000    0.0000 3.482e-08 3.482e-08 ( 0.01%)  
C1869                      0.0000    0.0000 3.482e-08 3.482e-08 ( 0.01%)  
C1870                      0.0000    0.0000 3.482e-08 3.482e-08 ( 0.01%)  
C1871                      0.0000    0.0000 3.482e-08 3.482e-08 ( 0.01%)  
C1872                      0.0000    0.0000 3.482e-08 3.482e-08 ( 0.01%)  
C1873                      0.0000    0.0000 3.482e-08 3.482e-08 ( 0.01%)  
C1874                      0.0000    0.0000 3.482e-08 3.482e-08 ( 0.01%)  
C1875                      0.0000    0.0000 3.482e-08 3.482e-08 ( 0.01%)  
C1876                      0.0000    0.0000 3.482e-08 3.482e-08 ( 0.01%)  
C1877                      0.0000    0.0000 3.482e-08 3.482e-08 ( 0.01%)  
C1878                      0.0000    0.0000 3.482e-08 3.482e-08 ( 0.01%)  
C1880                      0.0000    0.0000 3.482e-08 3.482e-08 ( 0.01%)  
C1882                      0.0000    0.0000 2.083e-08 2.083e-08 ( 0.01%)  
C1884                      0.0000    0.0000 2.083e-08 2.083e-08 ( 0.01%)  
C1885                      0.0000    0.0000 2.083e-08 2.083e-08 ( 0.01%)  
C1886                      0.0000    0.0000 2.083e-08 2.083e-08 ( 0.01%)  
C1887                      0.0000    0.0000 2.083e-08 2.083e-08 ( 0.01%)  
C1888                      0.0000    0.0000 2.083e-08 2.083e-08 ( 0.01%)  
C1889                      0.0000    0.0000 2.083e-08 2.083e-08 ( 0.01%)  
C1890                      0.0000    0.0000 2.083e-08 2.083e-08 ( 0.01%)  
C1892                      0.0000    0.0000 2.083e-08 2.083e-08 ( 0.01%)  
C1894                      0.0000    0.0000 2.083e-08 2.083e-08 ( 0.01%)  
C1897                      0.0000    0.0000 3.482e-08 3.482e-08 ( 0.01%)  
C1898                      0.0000    0.0000 3.482e-08 3.482e-08 ( 0.01%)  
C1899                      0.0000    0.0000 3.482e-08 3.482e-08 ( 0.01%)  
C1901                      0.0000    0.0000 3.482e-08 3.482e-08 ( 0.01%)  
C1902                      0.0000    0.0000 3.482e-08 3.482e-08 ( 0.01%)  
C1903                      0.0000    0.0000 3.482e-08 3.482e-08 ( 0.01%)  
C1904                      0.0000    0.0000 3.482e-08 3.482e-08 ( 0.01%)  
C1905                      0.0000    0.0000 3.482e-08 3.482e-08 ( 0.01%)  
C1906                      0.0000    0.0000 3.482e-08 3.482e-08 ( 0.01%)  
C1907                      0.0000    0.0000 3.482e-08 3.482e-08 ( 0.01%)  
C1908                      0.0000    0.0000 3.482e-08 3.482e-08 ( 0.01%)  
C1909                      0.0000    0.0000 3.482e-08 3.482e-08 ( 0.01%)  
C1910                      0.0000    0.0000 3.482e-08 3.482e-08 ( 0.01%)  
C1911                      0.0000    0.0000 3.482e-08 3.482e-08 ( 0.01%)  
C1913                      0.0000    0.0000 2.083e-08 2.083e-08 ( 0.01%)  
C1915                      0.0000    0.0000 2.083e-08 2.083e-08 ( 0.01%)  
C1916                      0.0000    0.0000 2.083e-08 2.083e-08 ( 0.01%)  
C1917                      0.0000    0.0000 2.083e-08 2.083e-08 ( 0.01%)  
C1918                      0.0000    0.0000 2.083e-08 2.083e-08 ( 0.01%)  
C1919                      0.0000    0.0000 2.083e-08 2.083e-08 ( 0.01%)  
C1920                      0.0000    0.0000 2.083e-08 2.083e-08 ( 0.01%)  
C1921                      0.0000    0.0000 2.083e-08 2.083e-08 ( 0.01%)  
C1922                      0.0000    0.0000 2.083e-08 2.083e-08 ( 0.01%)  
C1923                      0.0000    0.0000 2.083e-08 2.083e-08 ( 0.01%)  
C1924                      0.0000    0.0000 2.083e-08 2.083e-08 ( 0.01%)  
C1925                      0.0000    0.0000 2.083e-08 2.083e-08 ( 0.01%)  
C1927                      0.0000    0.0000 2.083e-08 2.083e-08 ( 0.01%)  
C1928                      0.0000    0.0000 3.482e-08 3.482e-08 ( 0.01%)  
C1929                      0.0000    0.0000 3.482e-08 3.482e-08 ( 0.01%)  
C1930                      0.0000    0.0000 3.482e-08 3.482e-08 ( 0.01%)  
C1931                      0.0000    0.0000 3.482e-08 3.482e-08 ( 0.01%)  
C1932                      0.0000    0.0000 3.482e-08 3.482e-08 ( 0.01%)  
C1933                      0.0000    0.0000 3.482e-08 3.482e-08 ( 0.01%)  
C1934                      0.0000    0.0000 3.482e-08 3.482e-08 ( 0.01%)  
C1935                      0.0000    0.0000 3.482e-08 3.482e-08 ( 0.01%)  
C1936                      0.0000    0.0000 3.482e-08 3.482e-08 ( 0.01%)  
C1937                      0.0000    0.0000 3.482e-08 3.482e-08 ( 0.01%)  
C1938                      0.0000    0.0000 3.482e-08 3.482e-08 ( 0.01%)  
C1939                      0.0000    0.0000 3.482e-08 3.482e-08 ( 0.01%)  
C1940                      0.0000    0.0000 3.482e-08 3.482e-08 ( 0.01%)  
C1941                      0.0000    0.0000 3.482e-08 3.482e-08 ( 0.01%)  
C1942                      0.0000    0.0000 3.482e-08 3.482e-08 ( 0.01%)  
C1944                      0.0000    0.0000 2.083e-08 2.083e-08 ( 0.01%)  
C1946                      0.0000    0.0000 2.083e-08 2.083e-08 ( 0.01%)  
C1947                      0.0000    0.0000 2.083e-08 2.083e-08 ( 0.01%)  
C1948                      0.0000    0.0000 2.083e-08 2.083e-08 ( 0.01%)  
C1949                      0.0000    0.0000 2.083e-08 2.083e-08 ( 0.01%)  
C1950                      0.0000    0.0000 2.083e-08 2.083e-08 ( 0.01%)  
C1951                      0.0000    0.0000 2.083e-08 2.083e-08 ( 0.01%)  
C1952                      0.0000    0.0000 2.083e-08 2.083e-08 ( 0.01%)  
C1953                      0.0000    0.0000 2.083e-08 2.083e-08 ( 0.01%)  
C1954                      0.0000    0.0000 2.083e-08 2.083e-08 ( 0.01%)  
C1955                      0.0000    0.0000 2.083e-08 2.083e-08 ( 0.01%)  
C1956                      0.0000    0.0000 2.083e-08 2.083e-08 ( 0.01%)  
C1958                      0.0000    0.0000 2.083e-08 2.083e-08 ( 0.01%)  
C1961                      0.0000    0.0000 3.482e-08 3.482e-08 ( 0.01%)  
C1962                      0.0000    0.0000 3.482e-08 3.482e-08 ( 0.01%)  
C1963                      0.0000    0.0000 3.482e-08 3.482e-08 ( 0.01%)  
C1964                      0.0000    0.0000 3.482e-08 3.482e-08 ( 0.01%)  
C1965                      0.0000    0.0000 3.482e-08 3.482e-08 ( 0.01%)  
C1966                      0.0000    0.0000 3.482e-08 3.482e-08 ( 0.01%)  
C1967                      0.0000    0.0000 3.482e-08 3.482e-08 ( 0.01%)  
C1968                      0.0000    0.0000 3.482e-08 3.482e-08 ( 0.01%)  
C1969                      0.0000    0.0000 3.482e-08 3.482e-08 ( 0.01%)  
C1970                      0.0000    0.0000 3.482e-08 3.482e-08 ( 0.01%)  
C1975                      0.0000    0.0000 2.083e-08 2.083e-08 ( 0.01%)  
C1977                      0.0000    0.0000 2.083e-08 2.083e-08 ( 0.01%)  
C1978                      0.0000    0.0000 2.083e-08 2.083e-08 ( 0.01%)  
C1979                      0.0000    0.0000 2.083e-08 2.083e-08 ( 0.01%)  
C1980                      0.0000    0.0000 2.083e-08 2.083e-08 ( 0.01%)  
C1981                      0.0000    0.0000 2.083e-08 2.083e-08 ( 0.01%)  
C1982                      0.0000    0.0000 2.083e-08 2.083e-08 ( 0.01%)  
C1983                      0.0000    0.0000 2.083e-08 2.083e-08 ( 0.01%)  
C1984                      0.0000    0.0000 2.083e-08 2.083e-08 ( 0.01%)  
C1985                      0.0000    0.0000 2.083e-08 2.083e-08 ( 0.01%)  
C1986                      0.0000    0.0000 2.083e-08 2.083e-08 ( 0.01%)  
C1987                      0.0000    0.0000 2.083e-08 2.083e-08 ( 0.01%)  
C1989                      0.0000    0.0000 2.083e-08 2.083e-08 ( 0.01%)  
C1990                      0.0000    0.0000 3.482e-08 3.482e-08 ( 0.01%)  
C1991                      0.0000    0.0000 3.482e-08 3.482e-08 ( 0.01%)  
C1992                      0.0000    0.0000 3.482e-08 3.482e-08 ( 0.01%)  
C1993                      0.0000    0.0000 3.482e-08 3.482e-08 ( 0.01%)  
C1994                      0.0000    0.0000 3.482e-08 3.482e-08 ( 0.01%)  
C1995                      0.0000    0.0000 3.482e-08 3.482e-08 ( 0.01%)  
C1996                      0.0000    0.0000 3.482e-08 3.482e-08 ( 0.01%)  
C1997                      0.0000    0.0000 3.482e-08 3.482e-08 ( 0.01%)  
C1998                      0.0000    0.0000 3.482e-08 3.482e-08 ( 0.01%)  
C1999                      0.0000    0.0000 3.482e-08 3.482e-08 ( 0.01%)  
C2000                      0.0000    0.0000 3.482e-08 3.482e-08 ( 0.01%)  
C2001                      0.0000    0.0000 3.482e-08 3.482e-08 ( 0.01%)  
C2002                      0.0000    0.0000 3.482e-08 3.482e-08 ( 0.01%)  
C2003                      0.0000    0.0000 3.482e-08 3.482e-08 ( 0.01%)  
C2004                      0.0000    0.0000 3.482e-08 3.482e-08 ( 0.01%)  
C2006                      0.0000    0.0000 2.083e-08 2.083e-08 ( 0.01%)  
C2008                      0.0000    0.0000 2.083e-08 2.083e-08 ( 0.01%)  
C2009                      0.0000    0.0000 2.083e-08 2.083e-08 ( 0.01%)  
C2010                      0.0000    0.0000 2.083e-08 2.083e-08 ( 0.01%)  
C2011                      0.0000    0.0000 2.083e-08 2.083e-08 ( 0.01%)  
C2012                      0.0000    0.0000 2.083e-08 2.083e-08 ( 0.01%)  
C2013                      0.0000    0.0000 2.083e-08 2.083e-08 ( 0.01%)  
C2014                      0.0000    0.0000 2.083e-08 2.083e-08 ( 0.01%)  
C2015                      0.0000    0.0000 2.083e-08 2.083e-08 ( 0.01%)  
C2016                      0.0000    0.0000 2.083e-08 2.083e-08 ( 0.01%)  
C2017                      0.0000    0.0000 2.083e-08 2.083e-08 ( 0.01%)  
C2018                      0.0000    0.0000 2.083e-08 2.083e-08 ( 0.01%)  
C2020                      0.0000    0.0000 2.083e-08 2.083e-08 ( 0.01%)  
C2021                      0.0000    0.0000 3.482e-08 3.482e-08 ( 0.01%)  
C2022                      0.0000    0.0000 3.482e-08 3.482e-08 ( 0.01%)  
C2023                      0.0000    0.0000 3.482e-08 3.482e-08 ( 0.01%)  
C2024                      0.0000    0.0000 3.482e-08 3.482e-08 ( 0.01%)  
C2025                      0.0000    0.0000 3.482e-08 3.482e-08 ( 0.01%)  
C2026                      0.0000    0.0000 3.482e-08 3.482e-08 ( 0.01%)  
C2027                      0.0000    0.0000 3.482e-08 3.482e-08 ( 0.01%)  
C2028                      0.0000    0.0000 3.482e-08 3.482e-08 ( 0.01%)  
C2029                      0.0000    0.0000 3.482e-08 3.482e-08 ( 0.01%)  
C2030                      0.0000    0.0000 3.482e-08 3.482e-08 ( 0.01%)  
C2031                      0.0000    0.0000 3.482e-08 3.482e-08 ( 0.01%)  
C2032                      0.0000    0.0000 3.482e-08 3.482e-08 ( 0.01%)  
C2033                      0.0000    0.0000 3.482e-08 3.482e-08 ( 0.01%)  
C2034                      0.0000    0.0000 3.482e-08 3.482e-08 ( 0.01%)  
C2035                      0.0000    0.0000 3.482e-08 3.482e-08 ( 0.01%)  
C2037                      0.0000    0.0000 2.083e-08 2.083e-08 ( 0.01%)  
C2039                      0.0000    0.0000 2.083e-08 2.083e-08 ( 0.01%)  
C2040                      0.0000    0.0000 2.083e-08 2.083e-08 ( 0.01%)  
C2041                      0.0000    0.0000 2.083e-08 2.083e-08 ( 0.01%)  
C2042                      0.0000    0.0000 2.083e-08 2.083e-08 ( 0.01%)  
C2043                      0.0000    0.0000 2.083e-08 2.083e-08 ( 0.01%)  
C2044                      0.0000    0.0000 2.083e-08 2.083e-08 ( 0.01%)  
C2045                      0.0000    0.0000 2.083e-08 2.083e-08 ( 0.01%)  
C2046                      0.0000    0.0000 2.083e-08 2.083e-08 ( 0.01%)  
C2047                      0.0000    0.0000 2.083e-08 2.083e-08 ( 0.01%)  
C2048                      0.0000    0.0000 2.083e-08 2.083e-08 ( 0.01%)  
C2049                      0.0000    0.0000 2.083e-08 2.083e-08 ( 0.01%)  
C2051                      0.0000    0.0000 2.083e-08 2.083e-08 ( 0.01%)  
C2052                      0.0000    0.0000 3.482e-08 3.482e-08 ( 0.01%)  
C2053                      0.0000    0.0000 3.482e-08 3.482e-08 ( 0.01%)  
C2054                      0.0000    0.0000 3.482e-08 3.482e-08 ( 0.01%)  
C2055                      0.0000    0.0000 3.482e-08 3.482e-08 ( 0.01%)  
C2056                      0.0000    0.0000 3.482e-08 3.482e-08 ( 0.01%)  
C2057                      0.0000    0.0000 3.482e-08 3.482e-08 ( 0.01%)  
C2058                      0.0000    0.0000 3.482e-08 3.482e-08 ( 0.01%)  
C2059                      0.0000    0.0000 3.482e-08 3.482e-08 ( 0.01%)  
C2060                      0.0000    0.0000 3.482e-08 3.482e-08 ( 0.01%)  
C2061                      0.0000    0.0000 3.482e-08 3.482e-08 ( 0.01%)  
C2062                      0.0000    0.0000 3.482e-08 3.482e-08 ( 0.01%)  
C2063                      0.0000    0.0000 3.482e-08 3.482e-08 ( 0.01%)  
C2064                      0.0000    0.0000 3.482e-08 3.482e-08 ( 0.01%)  
C2065                      0.0000    0.0000 3.482e-08 3.482e-08 ( 0.01%)  
C2070                      0.0000    0.0000 2.083e-08 2.083e-08 ( 0.01%)  
C2071                      0.0000    0.0000 2.083e-08 2.083e-08 ( 0.01%)  
C2072                      0.0000    0.0000 2.083e-08 2.083e-08 ( 0.01%)  
C2073                      0.0000    0.0000 2.083e-08 2.083e-08 ( 0.01%)  
C2074                      0.0000    0.0000 2.083e-08 2.083e-08 ( 0.01%)  
C2075                      0.0000    0.0000 2.083e-08 2.083e-08 ( 0.01%)  
C2076                      0.0000    0.0000 2.083e-08 2.083e-08 ( 0.01%)  
C2077                      0.0000    0.0000 2.083e-08 2.083e-08 ( 0.01%)  
C2078                      0.0000    0.0000 2.083e-08 2.083e-08 ( 0.01%)  
C2079                      0.0000    0.0000 2.083e-08 2.083e-08 ( 0.01%)  
C2080                      0.0000    0.0000 2.083e-08 2.083e-08 ( 0.01%)  
C2082                      0.0000    0.0000 2.083e-08 2.083e-08 ( 0.01%)  
C2099                      0.0000    0.0000 2.083e-08 2.083e-08 ( 0.01%)  
C2101                      0.0000    0.0000 2.083e-08 2.083e-08 ( 0.01%)  
C2102                      0.0000    0.0000 2.083e-08 2.083e-08 ( 0.01%)  
C2103                      0.0000    0.0000 2.083e-08 2.083e-08 ( 0.01%)  
C2104                      0.0000    0.0000 2.083e-08 2.083e-08 ( 0.01%)  
C2105                      0.0000    0.0000 2.083e-08 2.083e-08 ( 0.01%)  
C2106                      0.0000    0.0000 2.083e-08 2.083e-08 ( 0.01%)  
C2107                      0.0000    0.0000 2.083e-08 2.083e-08 ( 0.01%)  
C2108                      0.0000    0.0000 2.083e-08 2.083e-08 ( 0.01%)  
C2109                      0.0000    0.0000 2.083e-08 2.083e-08 ( 0.01%)  
C2110                      0.0000    0.0000 2.083e-08 2.083e-08 ( 0.01%)  
C2112                      0.0000    0.0000 2.083e-08 2.083e-08 ( 0.01%)  
C2113                      0.0000    0.0000 2.083e-08 2.083e-08 ( 0.01%)  
C2130                      0.0000    0.0000 2.083e-08 2.083e-08 ( 0.01%)  
C2132                      0.0000    0.0000 2.083e-08 2.083e-08 ( 0.01%)  
C2133                      0.0000    0.0000 2.083e-08 2.083e-08 ( 0.01%)  
C2134                      0.0000    0.0000 2.083e-08 2.083e-08 ( 0.01%)  
C2135                      0.0000    0.0000 2.083e-08 2.083e-08 ( 0.01%)  
C2136                      0.0000    0.0000 2.083e-08 2.083e-08 ( 0.01%)  
C2137                      0.0000    0.0000 2.083e-08 2.083e-08 ( 0.01%)  
C2138                      0.0000    0.0000 2.083e-08 2.083e-08 ( 0.01%)  
C2139                      0.0000    0.0000 2.083e-08 2.083e-08 ( 0.01%)  
C2140                      0.0000    0.0000 2.083e-08 2.083e-08 ( 0.01%)  
C2141                      0.0000    0.0000 2.083e-08 2.083e-08 ( 0.01%)  
C2143                      0.0000    0.0000 2.083e-08 2.083e-08 ( 0.01%)  
C2144                      0.0000    0.0000 2.083e-08 2.083e-08 ( 0.01%)  
C2161                      0.0000    0.0000 2.083e-08 2.083e-08 ( 0.01%)  
C2163                      0.0000    0.0000 2.083e-08 2.083e-08 ( 0.01%)  
C2164                      0.0000    0.0000 2.083e-08 2.083e-08 ( 0.01%)  
C2165                      0.0000    0.0000 2.083e-08 2.083e-08 ( 0.01%)  
C2166                      0.0000    0.0000 2.083e-08 2.083e-08 ( 0.01%)  
C2167                      0.0000    0.0000 2.083e-08 2.083e-08 ( 0.01%)  
C2168                      0.0000    0.0000 2.083e-08 2.083e-08 ( 0.01%)  
C2169                      0.0000    0.0000 2.083e-08 2.083e-08 ( 0.01%)  
C2170                      0.0000    0.0000 2.083e-08 2.083e-08 ( 0.01%)  
C2171                      0.0000    0.0000 2.083e-08 2.083e-08 ( 0.01%)  
C2172                      0.0000    0.0000 2.083e-08 2.083e-08 ( 0.01%)  
C2174                      0.0000    0.0000 2.083e-08 2.083e-08 ( 0.01%)  
C2175                      0.0000    0.0000 2.083e-08 2.083e-08 ( 0.01%)  
C2192                      0.0000    0.0000 2.083e-08 2.083e-08 ( 0.01%)  
C2194                      0.0000    0.0000 2.083e-08 2.083e-08 ( 0.01%)  
C2195                      0.0000    0.0000 2.083e-08 2.083e-08 ( 0.01%)  
C2196                      0.0000    0.0000 2.083e-08 2.083e-08 ( 0.01%)  
C2197                      0.0000    0.0000 2.083e-08 2.083e-08 ( 0.01%)  
C2198                      0.0000    0.0000 2.083e-08 2.083e-08 ( 0.01%)  
C2199                      0.0000    0.0000 2.083e-08 2.083e-08 ( 0.01%)  
C2200                      0.0000    0.0000 2.083e-08 2.083e-08 ( 0.01%)  
C2201                      0.0000    0.0000 2.083e-08 2.083e-08 ( 0.01%)  
C2202                      0.0000    0.0000 2.083e-08 2.083e-08 ( 0.01%)  
C2203                      0.0000    0.0000 2.083e-08 2.083e-08 ( 0.01%)  
C2205                      0.0000    0.0000 2.083e-08 2.083e-08 ( 0.01%)  
C2206                      0.0000    0.0000 2.083e-08 2.083e-08 ( 0.01%)  
C2223                      0.0000    0.0000 2.083e-08 2.083e-08 ( 0.01%)  
C2225                      0.0000    0.0000 2.083e-08 2.083e-08 ( 0.01%)  
C2226                      0.0000    0.0000 2.083e-08 2.083e-08 ( 0.01%)  
C2227                      0.0000    0.0000 2.083e-08 2.083e-08 ( 0.01%)  
C2228                      0.0000    0.0000 2.083e-08 2.083e-08 ( 0.01%)  
C2229                      0.0000    0.0000 2.083e-08 2.083e-08 ( 0.01%)  
C2230                      0.0000    0.0000 2.083e-08 2.083e-08 ( 0.01%)  
C2231                      0.0000    0.0000 2.083e-08 2.083e-08 ( 0.01%)  
C2232                      0.0000    0.0000 2.083e-08 2.083e-08 ( 0.01%)  
C2233                      0.0000    0.0000 2.083e-08 2.083e-08 ( 0.01%)  
C2234                      0.0000    0.0000 2.083e-08 2.083e-08 ( 0.01%)  
C2236                      0.0000    0.0000 2.083e-08 2.083e-08 ( 0.01%)  
C2237                      0.0000    0.0000 2.083e-08 2.083e-08 ( 0.01%)  
C2254                      0.0000    0.0000 2.083e-08 2.083e-08 ( 0.01%)  
C2256                      0.0000    0.0000 2.083e-08 2.083e-08 ( 0.01%)  
C2257                      0.0000    0.0000 2.083e-08 2.083e-08 ( 0.01%)  
C2258                      0.0000    0.0000 2.083e-08 2.083e-08 ( 0.01%)  
C2259                      0.0000    0.0000 2.083e-08 2.083e-08 ( 0.01%)  
C2260                      0.0000    0.0000 2.083e-08 2.083e-08 ( 0.01%)  
C2261                      0.0000    0.0000 2.083e-08 2.083e-08 ( 0.01%)  
C2262                      0.0000    0.0000 2.083e-08 2.083e-08 ( 0.01%)  
C2263                      0.0000    0.0000 2.083e-08 2.083e-08 ( 0.01%)  
C2264                      0.0000    0.0000 2.083e-08 2.083e-08 ( 0.01%)  
C2265                      0.0000    0.0000 2.083e-08 2.083e-08 ( 0.01%)  
C2267                      0.0000    0.0000 2.083e-08 2.083e-08 ( 0.01%)  
C2268                      0.0000    0.0000 2.083e-08 2.083e-08 ( 0.01%)  
C2285                      0.0000    0.0000 2.083e-08 2.083e-08 ( 0.01%)  
C2287                      0.0000    0.0000 2.083e-08 2.083e-08 ( 0.01%)  
C2288                      0.0000    0.0000 2.083e-08 2.083e-08 ( 0.01%)  
C2289                      0.0000    0.0000 2.083e-08 2.083e-08 ( 0.01%)  
C2290                      0.0000    0.0000 2.083e-08 2.083e-08 ( 0.01%)  
C2291                      0.0000    0.0000 2.083e-08 2.083e-08 ( 0.01%)  
C2292                      0.0000    0.0000 2.083e-08 2.083e-08 ( 0.01%)  
C2293                      0.0000    0.0000 2.083e-08 2.083e-08 ( 0.01%)  
C2294                      0.0000    0.0000 2.083e-08 2.083e-08 ( 0.01%)  
C2295                      0.0000    0.0000 2.083e-08 2.083e-08 ( 0.01%)  
C2296                      0.0000    0.0000 2.083e-08 2.083e-08 ( 0.01%)  
C2298                      0.0000    0.0000 2.083e-08 2.083e-08 ( 0.01%)  
C2299                      0.0000    0.0000 2.083e-08 2.083e-08 ( 0.01%)  
C2316                      0.0000    0.0000 2.083e-08 2.083e-08 ( 0.01%)  
C2317                      0.0000    0.0000 2.083e-08 2.083e-08 ( 0.01%)  
C2318                      0.0000    0.0000 2.083e-08 2.083e-08 ( 0.01%)  
C2319                      0.0000    0.0000 2.083e-08 2.083e-08 ( 0.01%)  
C2320                      0.0000    0.0000 2.083e-08 2.083e-08 ( 0.01%)  
C2321                      0.0000    0.0000 2.083e-08 2.083e-08 ( 0.01%)  
C2322                      0.0000    0.0000 2.083e-08 2.083e-08 ( 0.01%)  
C2323                      0.0000    0.0000 2.083e-08 2.083e-08 ( 0.01%)  
C2324                      0.0000    0.0000 2.083e-08 2.083e-08 ( 0.01%)  
C2325                      0.0000    0.0000 2.083e-08 2.083e-08 ( 0.01%)  
C2326                      0.0000    0.0000 2.083e-08 2.083e-08 ( 0.01%)  
C2327                      0.0000    0.0000 2.083e-08 2.083e-08 ( 0.01%)  
C2329                      0.0000    0.0000 2.083e-08 2.083e-08 ( 0.01%)  
C2330                      0.0000    0.0000 2.083e-08 2.083e-08 ( 0.01%)  
C2347                      0.0000    0.0000 2.083e-08 2.083e-08 ( 0.01%)  
C2348                      0.0000    0.0000 2.083e-08 2.083e-08 ( 0.01%)  
C2349                      0.0000    0.0000 2.083e-08 2.083e-08 ( 0.01%)  
C2350                      0.0000    0.0000 2.083e-08 2.083e-08 ( 0.01%)  
C2351                      0.0000    0.0000 2.083e-08 2.083e-08 ( 0.01%)  
C2352                      0.0000    0.0000 2.083e-08 2.083e-08 ( 0.01%)  
C2353                      0.0000    0.0000 2.083e-08 2.083e-08 ( 0.01%)  
C2354                      0.0000    0.0000 2.083e-08 2.083e-08 ( 0.01%)  
C2355                      0.0000    0.0000 2.083e-08 2.083e-08 ( 0.01%)  
C2356                      0.0000    0.0000 2.083e-08 2.083e-08 ( 0.01%)  
C2360                      0.0000    0.0000 2.083e-08 2.083e-08 ( 0.01%)  
C2361                      0.0000    0.0000 2.083e-08 2.083e-08 ( 0.01%)  
C2378                      0.0000    0.0000 2.083e-08 2.083e-08 ( 0.01%)  
C2383                      0.0000    0.0000 2.083e-08 2.083e-08 ( 0.01%)  
C2384                      0.0000    0.0000 2.083e-08 2.083e-08 ( 0.01%)  
C2388                      0.0000    0.0000 2.083e-08 2.083e-08 ( 0.01%)  
C2389                      0.0000    0.0000 2.083e-08 2.083e-08 ( 0.01%)  
C2411                      0.0000    0.0000 2.083e-08 2.083e-08 ( 0.01%)  
C2412                      0.0000    0.0000 2.083e-08 2.083e-08 ( 0.01%)  
C2413                      0.0000    0.0000 2.083e-08 2.083e-08 ( 0.01%)  
C2414                      0.0000    0.0000 2.083e-08 2.083e-08 ( 0.01%)  
C2418                      0.0000    0.0000 2.083e-08 2.083e-08 ( 0.01%)  
C2419                      0.0000    0.0000 2.083e-08 2.083e-08 ( 0.01%)  
C2420                      0.0000    0.0000 2.083e-08 2.083e-08 ( 0.01%)  
C2440                      0.0000    0.0000 2.083e-08 2.083e-08 ( 0.01%)  
C2441                      0.0000    0.0000 2.083e-08 2.083e-08 ( 0.01%)  
C2442                      0.0000    0.0000 2.083e-08 2.083e-08 ( 0.01%)  
C2443                      0.0000    0.0000 2.083e-08 2.083e-08 ( 0.01%)  
C2444                      0.0000    0.0000 2.083e-08 2.083e-08 ( 0.01%)  
C2445                      0.0000    0.0000 2.083e-08 2.083e-08 ( 0.01%)  
C2446                      0.0000    0.0000 2.083e-08 2.083e-08 ( 0.01%)  
C2447                      0.0000    0.0000 2.083e-08 2.083e-08 ( 0.01%)  
C2448                      0.0000    0.0000 2.083e-08 2.083e-08 ( 0.01%)  
C2449                      0.0000    0.0000 2.083e-08 2.083e-08 ( 0.01%)  
C2450                      0.0000    0.0000 2.083e-08 2.083e-08 ( 0.01%)  
C2451                      0.0000    0.0000 2.083e-08 2.083e-08 ( 0.01%)  
C2453                      0.0000    0.0000 2.083e-08 2.083e-08 ( 0.01%)  
C2454                      0.0000    0.0000 2.083e-08 2.083e-08 ( 0.01%)  
C2471                      0.0000    0.0000 2.083e-08 2.083e-08 ( 0.01%)  
C2473                      0.0000    0.0000 2.083e-08 2.083e-08 ( 0.01%)  
C2474                      0.0000    0.0000 2.083e-08 2.083e-08 ( 0.01%)  
C2475                      0.0000    0.0000 2.083e-08 2.083e-08 ( 0.01%)  
C2476                      0.0000    0.0000 2.083e-08 2.083e-08 ( 0.01%)  
C2477                      0.0000    0.0000 2.083e-08 2.083e-08 ( 0.01%)  
C2478                      0.0000    0.0000 2.083e-08 2.083e-08 ( 0.01%)  
C2479                      0.0000    0.0000 2.083e-08 2.083e-08 ( 0.01%)  
C2480                      0.0000    0.0000 2.083e-08 2.083e-08 ( 0.01%)  
C2481                      0.0000    0.0000 2.083e-08 2.083e-08 ( 0.01%)  
C2482                      0.0000    0.0000 2.083e-08 2.083e-08 ( 0.01%)  
C2484                      0.0000    0.0000 2.083e-08 2.083e-08 ( 0.01%)  
C2485                      0.0000    0.0000 2.083e-08 2.083e-08 ( 0.01%)  
C2503                      0.0000    0.0000 2.083e-08 2.083e-08 ( 0.01%)  
C2504                      0.0000    0.0000 2.083e-08 2.083e-08 ( 0.01%)  
C2505                      0.0000    0.0000 2.083e-08 2.083e-08 ( 0.01%)  
C2506                      0.0000    0.0000 2.083e-08 2.083e-08 ( 0.01%)  
C2507                      0.0000    0.0000 2.083e-08 2.083e-08 ( 0.01%)  
C2508                      0.0000    0.0000 2.083e-08 2.083e-08 ( 0.01%)  
C2509                      0.0000    0.0000 2.083e-08 2.083e-08 ( 0.01%)  
C2510                      0.0000    0.0000 2.083e-08 2.083e-08 ( 0.01%)  
C2511                      0.0000    0.0000 2.083e-08 2.083e-08 ( 0.01%)  
C2512                      0.0000    0.0000 2.083e-08 2.083e-08 ( 0.01%)  
C2513                      0.0000    0.0000 2.083e-08 2.083e-08 ( 0.01%)  
C2515                      0.0000    0.0000 2.083e-08 2.083e-08 ( 0.01%)  
C2516                      0.0000    0.0000 2.083e-08 2.083e-08 ( 0.01%)  
C2534                      0.0000    0.0000 2.083e-08 2.083e-08 ( 0.01%)  
C2535                      0.0000    0.0000 2.083e-08 2.083e-08 ( 0.01%)  
C2536                      0.0000    0.0000 2.083e-08 2.083e-08 ( 0.01%)  
C2537                      0.0000    0.0000 2.083e-08 2.083e-08 ( 0.01%)  
C2538                      0.0000    0.0000 2.083e-08 2.083e-08 ( 0.01%)  
C2539                      0.0000    0.0000 2.083e-08 2.083e-08 ( 0.01%)  
C2540                      0.0000    0.0000 2.083e-08 2.083e-08 ( 0.01%)  
C2541                      0.0000    0.0000 2.083e-08 2.083e-08 ( 0.01%)  
C2542                      0.0000    0.0000 2.083e-08 2.083e-08 ( 0.01%)  
C2543                      0.0000    0.0000 2.083e-08 2.083e-08 ( 0.01%)  
C2544                      0.0000    0.0000 2.083e-08 2.083e-08 ( 0.01%)  
C2546                      0.0000    0.0000 2.083e-08 2.083e-08 ( 0.01%)  
C2547                      0.0000    0.0000 2.083e-08 2.083e-08 ( 0.01%)  
C2565                      0.0000    0.0000 2.083e-08 2.083e-08 ( 0.01%)  
C2566                      0.0000    0.0000 2.083e-08 2.083e-08 ( 0.01%)  
C2567                      0.0000    0.0000 2.083e-08 2.083e-08 ( 0.01%)  
C2568                      0.0000    0.0000 2.083e-08 2.083e-08 ( 0.01%)  
C2569                      0.0000    0.0000 2.083e-08 2.083e-08 ( 0.01%)  
C2570                      0.0000    0.0000 2.083e-08 2.083e-08 ( 0.01%)  
C2571                      0.0000    0.0000 2.083e-08 2.083e-08 ( 0.01%)  
C2572                      0.0000    0.0000 2.083e-08 2.083e-08 ( 0.01%)  
C2573                      0.0000    0.0000 2.083e-08 2.083e-08 ( 0.01%)  
C2574                      0.0000    0.0000 2.083e-08 2.083e-08 ( 0.01%)  
C2575                      0.0000    0.0000 2.083e-08 2.083e-08 ( 0.01%)  
C2577                      0.0000    0.0000 2.083e-08 2.083e-08 ( 0.01%)  
C2578                      0.0000    0.0000 2.083e-08 2.083e-08 ( 0.01%)  
C2997                      0.0000    0.0000 2.083e-08 2.083e-08 ( 0.01%)  
C2998                      0.0000    0.0000 2.083e-08 2.083e-08 ( 0.01%)  
C3045                      0.0000    0.0000 2.083e-08 2.083e-08 ( 0.01%)  
C3046                      0.0000    0.0000 2.083e-08 2.083e-08 ( 0.01%)  
C3049                      0.0000    0.0000 2.083e-08 2.083e-08 ( 0.01%)  
C3050                      0.0000    0.0000 2.083e-08 2.083e-08 ( 0.01%)  
C3069                      0.0000    0.0000 2.083e-08 2.083e-08 ( 0.01%)  
C3071                      0.0000    0.0000 2.083e-08 2.083e-08 ( 0.01%)  
C3073                      0.0000    0.0000 2.083e-08 2.083e-08 ( 0.01%)  
C3075                      0.0000    0.0000 2.083e-08 2.083e-08 ( 0.01%)  
C3093                      0.0000    0.0000 2.083e-08 2.083e-08 ( 0.01%)  
C3094                      0.0000    0.0000 2.083e-08 2.083e-08 ( 0.01%)  
C3097                      0.0000    0.0000 2.083e-08 2.083e-08 ( 0.01%)  
C3098                      0.0000    0.0000 2.083e-08 2.083e-08 ( 0.01%)  
C3247                      0.0000    0.0000 3.482e-08 3.482e-08 ( 0.01%)  
C3263                      0.0000    0.0000 4.616e-08 4.616e-08 ( 0.02%)  
C3264                      0.0000    0.0000 4.042e-08 4.042e-08 ( 0.01%)  
C3777                      0.0000    0.0000 3.482e-08 3.482e-08 ( 0.01%)  
C3780                      0.0000    0.0000 3.482e-08 3.482e-08 ( 0.01%)  
C3781                      0.0000    0.0000 3.482e-08 3.482e-08 ( 0.01%)  
C3783                      0.0000    0.0000 2.083e-08 2.083e-08 ( 0.01%)  
C3800                      0.0000    0.0000 4.616e-08 4.616e-08 ( 0.02%)  
C3802                      0.0000    0.0000 4.042e-08 4.042e-08 ( 0.01%)  
C3803                      0.0000    0.0000 4.616e-08 4.616e-08 ( 0.02%)  
C3835                      0.0000    0.0000 2.083e-08 2.083e-08 ( 0.01%)  
C3836                      0.0000    0.0000 2.083e-08 2.083e-08 ( 0.01%)  
C3837                      0.0000    0.0000 2.083e-08 2.083e-08 ( 0.01%)  
C3838                      0.0000    0.0000 2.083e-08 2.083e-08 ( 0.01%)  
C3839                      0.0000    0.0000 2.083e-08 2.083e-08 ( 0.01%)  
C3840                      0.0000    0.0000 2.083e-08 2.083e-08 ( 0.01%)  
C3856                      0.0000    0.0000 3.482e-08 3.482e-08 ( 0.01%)  
C3857                      0.0000    0.0000 3.482e-08 3.482e-08 ( 0.01%)  
C3868                      0.0000    0.0000 4.616e-08 4.616e-08 ( 0.02%)  
C3931                      0.0000    0.0000 4.616e-08 4.616e-08 ( 0.02%)  
C3933                      0.0000    0.0000 4.042e-08 4.042e-08 ( 0.01%)  
C3936                      0.0000    0.0000 4.042e-08 4.042e-08 ( 0.01%)  
C3937                      0.0000    0.0000 4.616e-08 4.616e-08 ( 0.02%)  
C3939                      0.0000    0.0000 4.042e-08 4.042e-08 ( 0.01%)  
C3963                      0.0000    0.0000 4.616e-08 4.616e-08 ( 0.02%)  
C3967                      0.0000    0.0000 3.482e-08 3.482e-08 ( 0.01%)  
C3976                      0.0000    0.0000 3.482e-08 3.482e-08 ( 0.01%)  
C4026                      0.0000    0.0000 3.482e-08 3.482e-08 ( 0.01%)  
C4034                      0.0000    0.0000 4.616e-08 4.616e-08 ( 0.02%)  
C4036                      0.0000    0.0000 4.042e-08 4.042e-08 ( 0.01%)  
C4037                      0.0000    0.0000 4.616e-08 4.616e-08 ( 0.02%)  
C4040                      0.0000    0.0000 4.616e-08 4.616e-08 ( 0.02%)  
C4042                      0.0000    0.0000 4.042e-08 4.042e-08 ( 0.01%)  
C4143                      0.0000    0.0000 3.482e-08 3.482e-08 ( 0.01%)  
C4144                      0.0000    0.0000 3.482e-08 3.482e-08 ( 0.01%)  
C4145                      0.0000    0.0000 3.482e-08 3.482e-08 ( 0.01%)  
C4146                      0.0000    0.0000 3.482e-08 3.482e-08 ( 0.01%)  
C4147                      0.0000    0.0000 3.482e-08 3.482e-08 ( 0.01%)  
C4148                      0.0000    0.0000 3.482e-08 3.482e-08 ( 0.01%)  
C4150                      0.0000    0.0000 3.482e-08 3.482e-08 ( 0.01%)  
C4151                      0.0000    0.0000 3.482e-08 3.482e-08 ( 0.01%)  
C4152                      0.0000    0.0000 3.482e-08 3.482e-08 ( 0.01%)  
C4153                      0.0000    0.0000 3.482e-08 3.482e-08 ( 0.01%)  
C4154                      0.0000    0.0000 3.482e-08 3.482e-08 ( 0.01%)  
C4155                      0.0000    0.0000 3.482e-08 3.482e-08 ( 0.01%)  
C4156                      0.0000    0.0000 3.482e-08 3.482e-08 ( 0.01%)  
C4157                      0.0000    0.0000 3.482e-08 3.482e-08 ( 0.01%)  
C4158                      0.0000    0.0000 3.482e-08 3.482e-08 ( 0.01%)  
C4162                      0.0000    0.0000 3.482e-08 3.482e-08 ( 0.01%)  
C4163                      0.0000    0.0000 3.482e-08 3.482e-08 ( 0.01%)  
C4164                      0.0000    0.0000 3.482e-08 3.482e-08 ( 0.01%)  
C4165                      0.0000    0.0000 3.482e-08 3.482e-08 ( 0.01%)  
C4166                      0.0000    0.0000 3.482e-08 3.482e-08 ( 0.01%)  
C4167                      0.0000    0.0000 3.482e-08 3.482e-08 ( 0.01%)  
C4171                      0.0000    0.0000 3.482e-08 3.482e-08 ( 0.01%)  
C5301                      0.0000    0.0000 3.482e-08 3.482e-08 ( 0.01%)  
C5311                      0.0000    0.0000 3.482e-08 3.482e-08 ( 0.01%)  
C6211                      0.0000    0.0000 3.482e-08 3.482e-08 ( 0.01%)  
C7151                      0.0000    0.0000 3.482e-08 3.482e-08 ( 0.01%)  
C7181                      0.0000    0.0000 4.616e-08 4.616e-08 ( 0.02%)  
C7441                      0.0000    0.0000 3.482e-08 3.482e-08 ( 0.01%)  
C7481                      0.0000    0.0000 4.616e-08 4.616e-08 ( 0.02%)  
C7511                      0.0000    0.0000 4.616e-08 4.616e-08 ( 0.02%)  
C18911                     0.0000    0.0000 2.083e-08 2.083e-08 ( 0.01%)  
C18931                     0.0000    0.0000 2.083e-08 2.083e-08 ( 0.01%)  
C18961                     0.0000    0.0000 2.083e-08 2.083e-08 ( 0.01%)  
C19001                     0.0000    0.0000 3.482e-08 3.482e-08 ( 0.01%)  
C23571                     0.0000    0.0000 2.083e-08 2.083e-08 ( 0.01%)  
C23581                     0.0000    0.0000 2.083e-08 2.083e-08 ( 0.01%)  
C23801                     0.0000    0.0000 2.083e-08 2.083e-08 ( 0.01%)  
C23811                     0.0000    0.0000 2.083e-08 2.083e-08 ( 0.01%)  
C23821                     0.0000    0.0000 2.083e-08 2.083e-08 ( 0.01%)  
C23851                     0.0000    0.0000 2.083e-08 2.083e-08 ( 0.01%)  
C23861                     0.0000    0.0000 2.083e-08 2.083e-08 ( 0.01%)  
C23871                     0.0000    0.0000 2.083e-08 2.083e-08 ( 0.01%)  
C23911                     0.0000    0.0000 2.083e-08 2.083e-08 ( 0.01%)  
C23921                     0.0000    0.0000 2.083e-08 2.083e-08 ( 0.01%)  
C24091                     0.0000    0.0000 2.083e-08 2.083e-08 ( 0.01%)  
C24101                     0.0000    0.0000 2.083e-08 2.083e-08 ( 0.01%)  
C24151                     0.0000    0.0000 2.083e-08 2.083e-08 ( 0.01%)  
C24161                     0.0000    0.0000 2.083e-08 2.083e-08 ( 0.01%)  
C24171                     0.0000    0.0000 2.083e-08 2.083e-08 ( 0.01%)  
C24221                     0.0000    0.0000 2.083e-08 2.083e-08 ( 0.01%)  
C24231                     0.0000    0.0000 2.083e-08 2.083e-08 ( 0.01%)  
I_03                       0.0000    0.0000 9.701e-09 9.701e-09 ( 0.00%)  
I_39                       0.0000    0.0000 9.701e-09 9.701e-09 ( 0.00%)  
I_45                       0.0000    0.0000 9.701e-09 9.701e-09 ( 0.00%)  
I_87                       0.0000    0.0000 9.701e-09 9.701e-09 ( 0.00%)  
I_128                      0.0000    0.0000 9.701e-09 9.701e-09 ( 0.00%)  
I_132                      0.0000    0.0000 9.701e-09 9.701e-09 ( 0.00%)  
I_140                      0.0000    0.0000 1.721e-08 1.721e-08 ( 0.01%)  
I_213                      0.0000    0.0000 9.701e-09 9.701e-09 ( 0.00%)  
I_214                      0.0000    0.0000 9.701e-09 9.701e-09 ( 0.00%)  
I_217                      0.0000    0.0000 3.622e-08 3.622e-08 ( 0.01%)  
I_229                      0.0000    0.0000 1.721e-08 1.721e-08 ( 0.01%)  
I_233                      0.0000    0.0000 9.701e-09 9.701e-09 ( 0.00%)  
I_234                      0.0000    0.0000 9.701e-09 9.701e-09 ( 0.00%)  
I_235                      0.0000    0.0000 9.701e-09 9.701e-09 ( 0.00%)  
I_243                      0.0000    0.0000 9.701e-09 9.701e-09 ( 0.00%)  
I_259                      0.0000    0.0000 9.701e-09 9.701e-09 ( 0.00%)  
I_278                      0.0000    0.0000 9.701e-09 9.701e-09 ( 0.00%)  
I_292                      0.0000    0.0000 9.701e-09 9.701e-09 ( 0.00%)  
I_313                      0.0000    0.0000 9.701e-09 9.701e-09 ( 0.00%)  
I_332                      0.0000    0.0000 9.701e-09 9.701e-09 ( 0.00%)  
I_352                      0.0000    0.0000 9.701e-09 9.701e-09 ( 0.00%)  
I_372                      0.0000    0.0000 9.701e-09 9.701e-09 ( 0.00%)  
I_392                      0.0000    0.0000 9.701e-09 9.701e-09 ( 0.00%)  
I_412                      0.0000    0.0000 9.701e-09 9.701e-09 ( 0.00%)  
I_413                      0.0000    0.0000 9.701e-09 9.701e-09 ( 0.00%)  
I_512                      0.0000    0.0000 9.701e-09 9.701e-09 ( 0.00%)  
I_911                      0.0000    0.0000 9.701e-09 9.701e-09 ( 0.00%)  
I_1101                     0.0000    0.0000 9.701e-09 9.701e-09 ( 0.00%)  
I_1711                     0.0000    0.0000 9.701e-09 9.701e-09 ( 0.00%)  
I_1712                     0.0000    0.0000 1.721e-08 1.721e-08 ( 0.01%)  
I_1911                     0.0000    0.0000 9.701e-09 9.701e-09 ( 0.00%)  
I_2010                     0.0000    0.0000 9.701e-09 9.701e-09 ( 0.00%)  
I_2111                     0.0000    0.0000 9.701e-09 9.701e-09 ( 0.00%)  
I_2310                     0.0000    0.0000 9.701e-09 9.701e-09 ( 0.00%)  
I_2311                     0.0000    0.0000 9.701e-09 9.701e-09 ( 0.00%)  
I_2511                     0.0000    0.0000 9.701e-09 9.701e-09 ( 0.00%)  
I_2512                     0.0000    0.0000 9.701e-09 9.701e-09 ( 0.00%)  
U49                        0.0000    0.0000 9.701e-09 9.701e-09 ( 0.00%)  
U102                       0.0000    0.0000 1.708e-08 1.708e-08 ( 0.01%)  
U169                       0.0000    0.0000 9.701e-09 9.701e-09 ( 0.00%)  
U182                       0.0000    0.0000 9.701e-09 9.701e-09 ( 0.00%)  
U183                       0.0000    0.0000 7.504e-10 7.504e-10 ( 0.00%)  
U236                       0.0000    0.0000 9.701e-09 9.701e-09 ( 0.00%)  
U238                       0.0000    0.0000 3.279e-08 3.279e-08 ( 0.01%)  
U240                       0.0000    0.0000 9.701e-09 9.701e-09 ( 0.00%)  
U256                       0.0000    0.0000 9.701e-09 9.701e-09 ( 0.00%)  
U334                       0.0000    0.0000 3.680e-08 3.680e-08 ( 0.01%)  
U335                       0.0000    0.0000 3.680e-08 3.680e-08 ( 0.01%)  
U356                       0.0000    0.0000 3.279e-08 3.279e-08 ( 0.01%)  
U357                       0.0000    0.0000 3.279e-08 3.279e-08 ( 0.01%)  
U358                       0.0000    0.0000 3.279e-08 3.279e-08 ( 0.01%)  
U359                       0.0000    0.0000 3.279e-08 3.279e-08 ( 0.01%)  
U360                       0.0000    0.0000 3.279e-08 3.279e-08 ( 0.01%)  
U361                       0.0000    0.0000 3.279e-08 3.279e-08 ( 0.01%)  
U362                       0.0000    0.0000 3.279e-08 3.279e-08 ( 0.01%)  
U363                       0.0000    0.0000 3.279e-08 3.279e-08 ( 0.01%)  
U364                       0.0000    0.0000 3.957e-08 3.957e-08 ( 0.01%)  
U365                       0.0000    0.0000 3.279e-08 3.279e-08 ( 0.01%)  
U367                       0.0000    0.0000 3.279e-08 3.279e-08 ( 0.01%)  
U368                       0.0000    0.0000 3.279e-08 3.279e-08 ( 0.01%)  
U369                       0.0000    0.0000 3.279e-08 3.279e-08 ( 0.01%)  
U371                       0.0000    0.0000 2.083e-08 2.083e-08 ( 0.01%)  
U373                       0.0000    0.0000 2.083e-08 2.083e-08 ( 0.01%)  
U411                       0.0000    0.0000 9.701e-09 9.701e-09 ( 0.00%)  
U450                       0.0000    0.0000 8.239e-09 8.239e-09 ( 0.00%)  
U485                       0.0000    0.0000 2.826e-08 2.826e-08 ( 0.01%)  
U499                       0.0000    0.0000 2.363e-08 2.363e-08 ( 0.01%)  
U504                       0.0000    0.0000 2.246e-08 2.246e-08 ( 0.01%)  
U512                       0.0000    0.0000 7.504e-10 7.504e-10 ( 0.00%)  
U513                       0.0000    0.0000 3.072e-08 3.072e-08 ( 0.01%)  
U591                       0.0000    0.0000 3.072e-08 3.072e-08 ( 0.01%)  
U761                       0.0000    0.0000 9.701e-09 9.701e-09 ( 0.00%)  
U810                       0.0000    0.0000 4.083e-08 4.083e-08 ( 0.01%)  
U812                       0.0000    0.0000 4.083e-08 4.083e-08 ( 0.01%)  
U896                       0.0000    0.0000 4.083e-08 4.083e-08 ( 0.01%)  
U897                       0.0000    0.0000 4.083e-08 4.083e-08 ( 0.01%)  
U898                       0.0000    0.0000 4.083e-08 4.083e-08 ( 0.01%)  
U899                       0.0000    0.0000 4.083e-08 4.083e-08 ( 0.01%)  
U900                       0.0000    0.0000 4.083e-08 4.083e-08 ( 0.01%)  
U901                       0.0000    0.0000 4.083e-08 4.083e-08 ( 0.01%)  
U902                       0.0000    0.0000 4.083e-08 4.083e-08 ( 0.01%)  
U903                       0.0000    0.0000 4.083e-08 4.083e-08 ( 0.01%)  
U904                       0.0000    0.0000 4.083e-08 4.083e-08 ( 0.01%)  
U905                       0.0000    0.0000 4.083e-08 4.083e-08 ( 0.01%)  
U906                       0.0000    0.0000 4.083e-08 4.083e-08 ( 0.01%)  
U907                       0.0000    0.0000 4.083e-08 4.083e-08 ( 0.01%)  
U908                       0.0000    0.0000 4.083e-08 4.083e-08 ( 0.01%)  
U909                       0.0000    0.0000 4.083e-08 4.083e-08 ( 0.01%)  
U910                       0.0000    0.0000 4.083e-08 4.083e-08 ( 0.01%)  
U911                       0.0000    0.0000 4.083e-08 4.083e-08 ( 0.01%)  
U930                       0.0000    0.0000 4.083e-08 4.083e-08 ( 0.01%)  
U931                       0.0000    0.0000 4.083e-08 4.083e-08 ( 0.01%)  
U932                       0.0000    0.0000 4.083e-08 4.083e-08 ( 0.01%)  
U933                       0.0000    0.0000 4.083e-08 4.083e-08 ( 0.01%)  
U934                       0.0000    0.0000 4.083e-08 4.083e-08 ( 0.01%)  
U935                       0.0000    0.0000 4.083e-08 4.083e-08 ( 0.01%)  
U936                       0.0000    0.0000 4.083e-08 4.083e-08 ( 0.01%)  
U937                       0.0000    0.0000 4.083e-08 4.083e-08 ( 0.01%)  
U938                       0.0000    0.0000 4.083e-08 4.083e-08 ( 0.01%)  
U939                       0.0000    0.0000 4.083e-08 4.083e-08 ( 0.01%)  
U940                       0.0000    0.0000 4.083e-08 4.083e-08 ( 0.01%)  
U941                       0.0000    0.0000 4.083e-08 4.083e-08 ( 0.01%)  
U942                       0.0000    0.0000 4.083e-08 4.083e-08 ( 0.01%)  
U943                       0.0000    0.0000 4.083e-08 4.083e-08 ( 0.01%)  
U944                       0.0000    0.0000 4.083e-08 4.083e-08 ( 0.01%)  
U945                       0.0000    0.0000 4.083e-08 4.083e-08 ( 0.01%)  
U946                       0.0000    0.0000 4.083e-08 4.083e-08 ( 0.01%)  
U947                       0.0000    0.0000 4.083e-08 4.083e-08 ( 0.01%)  
U948                       0.0000    0.0000 4.083e-08 4.083e-08 ( 0.01%)  
U949                       0.0000    0.0000 4.083e-08 4.083e-08 ( 0.01%)  
U950                       0.0000    0.0000 4.083e-08 4.083e-08 ( 0.01%)  
U951                       0.0000    0.0000 4.083e-08 4.083e-08 ( 0.01%)  
U952                       0.0000    0.0000 4.083e-08 4.083e-08 ( 0.01%)  
U953                       0.0000    0.0000 4.083e-08 4.083e-08 ( 0.01%)  
U954                       0.0000    0.0000 4.083e-08 4.083e-08 ( 0.01%)  
U955                       0.0000    0.0000 4.083e-08 4.083e-08 ( 0.01%)  
U956                       0.0000    0.0000 4.083e-08 4.083e-08 ( 0.01%)  
U957                       0.0000    0.0000 4.083e-08 4.083e-08 ( 0.01%)  
U958                       0.0000    0.0000 4.083e-08 4.083e-08 ( 0.01%)  
U959                       0.0000    0.0000 4.083e-08 4.083e-08 ( 0.01%)  
U960                       0.0000    0.0000 4.083e-08 4.083e-08 ( 0.01%)  
U961                       0.0000    0.0000 4.083e-08 4.083e-08 ( 0.01%)  
U962                       0.0000    0.0000 4.083e-08 4.083e-08 ( 0.01%)  
U963                       0.0000    0.0000 4.083e-08 4.083e-08 ( 0.01%)  
U964                       0.0000    0.0000 4.083e-08 4.083e-08 ( 0.01%)  
U965                       0.0000    0.0000 4.083e-08 4.083e-08 ( 0.01%)  
U966                       0.0000    0.0000 4.083e-08 4.083e-08 ( 0.01%)  
U967                       0.0000    0.0000 4.083e-08 4.083e-08 ( 0.01%)  
U968                       0.0000    0.0000 4.083e-08 4.083e-08 ( 0.01%)  
U969                       0.0000    0.0000 4.083e-08 4.083e-08 ( 0.01%)  
U970                       0.0000    0.0000 4.083e-08 4.083e-08 ( 0.01%)  
U971                       0.0000    0.0000 4.083e-08 4.083e-08 ( 0.01%)  
U972                       0.0000    0.0000 4.083e-08 4.083e-08 ( 0.01%)  
U973                       0.0000    0.0000 4.083e-08 4.083e-08 ( 0.01%)  
U974                       0.0000    0.0000 4.083e-08 4.083e-08 ( 0.01%)  
U975                       0.0000    0.0000 4.083e-08 4.083e-08 ( 0.01%)  
U976                       0.0000    0.0000 4.083e-08 4.083e-08 ( 0.01%)  
U977                       0.0000    0.0000 4.083e-08 4.083e-08 ( 0.01%)  
U978                       0.0000    0.0000 4.083e-08 4.083e-08 ( 0.01%)  
U979                       0.0000    0.0000 4.083e-08 4.083e-08 ( 0.01%)  
U980                       0.0000    0.0000 4.083e-08 4.083e-08 ( 0.01%)  
U981                       0.0000    0.0000 4.083e-08 4.083e-08 ( 0.01%)  
U982                       0.0000    0.0000 4.083e-08 4.083e-08 ( 0.01%)  
U983                       0.0000    0.0000 4.083e-08 4.083e-08 ( 0.01%)  
U984                       0.0000    0.0000 4.083e-08 4.083e-08 ( 0.01%)  
U985                       0.0000    0.0000 4.083e-08 4.083e-08 ( 0.01%)  
U986                       0.0000    0.0000 4.083e-08 4.083e-08 ( 0.01%)  
U987                       0.0000    0.0000 4.083e-08 4.083e-08 ( 0.01%)  
U988                       0.0000    0.0000 4.083e-08 4.083e-08 ( 0.01%)  
U989                       0.0000    0.0000 4.083e-08 4.083e-08 ( 0.01%)  
U990                       0.0000    0.0000 4.083e-08 4.083e-08 ( 0.01%)  
U991                       0.0000    0.0000 4.083e-08 4.083e-08 ( 0.01%)  
U992                       0.0000    0.0000 4.083e-08 4.083e-08 ( 0.01%)  
U993                       0.0000    0.0000 4.083e-08 4.083e-08 ( 0.01%)  
U994                       0.0000    0.0000 4.083e-08 4.083e-08 ( 0.01%)  
U995                       0.0000    0.0000 4.083e-08 4.083e-08 ( 0.01%)  
U996                       0.0000    0.0000 4.083e-08 4.083e-08 ( 0.01%)  
U997                       0.0000    0.0000 4.083e-08 4.083e-08 ( 0.01%)  
U998                       0.0000    0.0000 4.083e-08 4.083e-08 ( 0.01%)  
U999                       0.0000    0.0000 4.083e-08 4.083e-08 ( 0.01%)  
U1000                      0.0000    0.0000 4.083e-08 4.083e-08 ( 0.01%)  
U1001                      0.0000    0.0000 4.083e-08 4.083e-08 ( 0.01%)  
U1002                      0.0000    0.0000 4.083e-08 4.083e-08 ( 0.01%)  
U1003                      0.0000    0.0000 4.083e-08 4.083e-08 ( 0.01%)  
U1004                      0.0000    0.0000 4.083e-08 4.083e-08 ( 0.01%)  
U1005                      0.0000    0.0000 4.083e-08 4.083e-08 ( 0.01%)  
U1006                      0.0000    0.0000 4.083e-08 4.083e-08 ( 0.01%)  
U1007                      0.0000    0.0000 4.083e-08 4.083e-08 ( 0.01%)  
U1008                      0.0000    0.0000 4.083e-08 4.083e-08 ( 0.01%)  
U1009                      0.0000    0.0000 4.083e-08 4.083e-08 ( 0.01%)  
U1010                      0.0000    0.0000 4.083e-08 4.083e-08 ( 0.01%)  
U1011                      0.0000    0.0000 4.083e-08 4.083e-08 ( 0.01%)  
U1012                      0.0000    0.0000 4.083e-08 4.083e-08 ( 0.01%)  
U1013                      0.0000    0.0000 4.083e-08 4.083e-08 ( 0.01%)  
U1014                      0.0000    0.0000 4.083e-08 4.083e-08 ( 0.01%)  
U1015                      0.0000    0.0000 4.083e-08 4.083e-08 ( 0.01%)  
U1016                      0.0000    0.0000 4.083e-08 4.083e-08 ( 0.01%)  
U1017                      0.0000    0.0000 4.083e-08 4.083e-08 ( 0.01%)  
U1018                      0.0000    0.0000 4.083e-08 4.083e-08 ( 0.01%)  
U1019                      0.0000    0.0000 4.083e-08 4.083e-08 ( 0.01%)  
U1020                      0.0000    0.0000 4.083e-08 4.083e-08 ( 0.01%)  
U1021                      0.0000    0.0000 4.083e-08 4.083e-08 ( 0.01%)  
U1022                      0.0000    0.0000 4.083e-08 4.083e-08 ( 0.01%)  
U1023                      0.0000    0.0000 4.083e-08 4.083e-08 ( 0.01%)  
U1024                      0.0000    0.0000 4.083e-08 4.083e-08 ( 0.01%)  
U1025                      0.0000    0.0000 4.083e-08 4.083e-08 ( 0.01%)  
U1026                      0.0000    0.0000 4.083e-08 4.083e-08 ( 0.01%)  
U1027                      0.0000    0.0000 4.083e-08 4.083e-08 ( 0.01%)  
U1028                      0.0000    0.0000 4.083e-08 4.083e-08 ( 0.01%)  
U1029                      0.0000    0.0000 4.083e-08 4.083e-08 ( 0.01%)  
U1030                      0.0000    0.0000 4.083e-08 4.083e-08 ( 0.01%)  
U1031                      0.0000    0.0000 4.083e-08 4.083e-08 ( 0.01%)  
U1032                      0.0000    0.0000 4.083e-08 4.083e-08 ( 0.01%)  
U1033                      0.0000    0.0000 4.083e-08 4.083e-08 ( 0.01%)  
U1034                      0.0000    0.0000 4.083e-08 4.083e-08 ( 0.01%)  
U1035                      0.0000    0.0000 4.083e-08 4.083e-08 ( 0.01%)  
U1036                      0.0000    0.0000 4.083e-08 4.083e-08 ( 0.01%)  
U1037                      0.0000    0.0000 4.083e-08 4.083e-08 ( 0.01%)  
U1038                      0.0000    0.0000 4.083e-08 4.083e-08 ( 0.01%)  
U1039                      0.0000    0.0000 4.083e-08 4.083e-08 ( 0.01%)  
U1040                      0.0000    0.0000 4.083e-08 4.083e-08 ( 0.01%)  
U1041                      0.0000    0.0000 4.083e-08 4.083e-08 ( 0.01%)  
U1042                      0.0000    0.0000 4.083e-08 4.083e-08 ( 0.01%)  
U1043                      0.0000    0.0000 4.083e-08 4.083e-08 ( 0.01%)  
U1044                      0.0000    0.0000 4.083e-08 4.083e-08 ( 0.01%)  
U1045                      0.0000    0.0000 4.083e-08 4.083e-08 ( 0.01%)  
U1046                      0.0000    0.0000 4.083e-08 4.083e-08 ( 0.01%)  
U1047                      0.0000    0.0000 4.083e-08 4.083e-08 ( 0.01%)  
U1048                      0.0000    0.0000 4.083e-08 4.083e-08 ( 0.01%)  
U1049                      0.0000    0.0000 4.083e-08 4.083e-08 ( 0.01%)  
U1050                      0.0000    0.0000 4.083e-08 4.083e-08 ( 0.01%)  
U1051                      0.0000    0.0000 4.083e-08 4.083e-08 ( 0.01%)  
U1052                      0.0000    0.0000 4.083e-08 4.083e-08 ( 0.01%)  
U1053                      0.0000    0.0000 4.083e-08 4.083e-08 ( 0.01%)  
U1054                      0.0000    0.0000 4.083e-08 4.083e-08 ( 0.01%)  
U1055                      0.0000    0.0000 4.083e-08 4.083e-08 ( 0.01%)  
U1056                      0.0000    0.0000 4.083e-08 4.083e-08 ( 0.01%)  
U1057                      0.0000    0.0000 4.083e-08 4.083e-08 ( 0.01%)  
U1058                      0.0000    0.0000 4.083e-08 4.083e-08 ( 0.01%)  
U1059                      0.0000    0.0000 4.083e-08 4.083e-08 ( 0.01%)  
U1060                      0.0000    0.0000 4.083e-08 4.083e-08 ( 0.01%)  
U1061                      0.0000    0.0000 4.083e-08 4.083e-08 ( 0.01%)  
U1062                      0.0000    0.0000 4.083e-08 4.083e-08 ( 0.01%)  
U1063                      0.0000    0.0000 4.083e-08 4.083e-08 ( 0.01%)  
U1064                      0.0000    0.0000 4.083e-08 4.083e-08 ( 0.01%)  
U1065                      0.0000    0.0000 4.083e-08 4.083e-08 ( 0.01%)  
U1066                      0.0000    0.0000 4.083e-08 4.083e-08 ( 0.01%)  
U1067                      0.0000    0.0000 4.083e-08 4.083e-08 ( 0.01%)  
U1068                      0.0000    0.0000 4.083e-08 4.083e-08 ( 0.01%)  
U1069                      0.0000    0.0000 4.083e-08 4.083e-08 ( 0.01%)  
U1070                      0.0000    0.0000 4.083e-08 4.083e-08 ( 0.01%)  
U1071                      0.0000    0.0000 4.083e-08 4.083e-08 ( 0.01%)  
U1072                      0.0000    0.0000 4.083e-08 4.083e-08 ( 0.01%)  
U1073                      0.0000    0.0000 4.083e-08 4.083e-08 ( 0.01%)  
U1074                      0.0000    0.0000 4.083e-08 4.083e-08 ( 0.01%)  
U1075                      0.0000    0.0000 4.083e-08 4.083e-08 ( 0.01%)  
U1076                      0.0000    0.0000 4.083e-08 4.083e-08 ( 0.01%)  
U1077                      0.0000    0.0000 4.083e-08 4.083e-08 ( 0.01%)  
U1078                      0.0000    0.0000 4.083e-08 4.083e-08 ( 0.01%)  
U1079                      0.0000    0.0000 4.083e-08 4.083e-08 ( 0.01%)  
U1080                      0.0000    0.0000 4.083e-08 4.083e-08 ( 0.01%)  
U1081                      0.0000    0.0000 4.083e-08 4.083e-08 ( 0.01%)  
U1082                      0.0000    0.0000 4.083e-08 4.083e-08 ( 0.01%)  
U1083                      0.0000    0.0000 4.083e-08 4.083e-08 ( 0.01%)  
U1084                      0.0000    0.0000 4.083e-08 4.083e-08 ( 0.01%)  
U1085                      0.0000    0.0000 4.083e-08 4.083e-08 ( 0.01%)  
U1086                      0.0000    0.0000 4.083e-08 4.083e-08 ( 0.01%)  
U1087                      0.0000    0.0000 4.083e-08 4.083e-08 ( 0.01%)  
U1088                      0.0000    0.0000 4.083e-08 4.083e-08 ( 0.01%)  
U1089                      0.0000    0.0000 4.083e-08 4.083e-08 ( 0.01%)  
U1090                      0.0000    0.0000 4.083e-08 4.083e-08 ( 0.01%)  
U1091                      0.0000    0.0000 4.083e-08 4.083e-08 ( 0.01%)  
U1092                      0.0000    0.0000 4.083e-08 4.083e-08 ( 0.01%)  
U1093                      0.0000    0.0000 4.083e-08 4.083e-08 ( 0.01%)  
U1094                      0.0000    0.0000 4.083e-08 4.083e-08 ( 0.01%)  
U1095                      0.0000    0.0000 4.083e-08 4.083e-08 ( 0.01%)  
U1096                      0.0000    0.0000 4.083e-08 4.083e-08 ( 0.01%)  
U1097                      0.0000    0.0000 4.083e-08 4.083e-08 ( 0.01%)  
U1098                      0.0000    0.0000 4.083e-08 4.083e-08 ( 0.01%)  
U1099                      0.0000    0.0000 4.083e-08 4.083e-08 ( 0.01%)  
U1100                      0.0000    0.0000 4.083e-08 4.083e-08 ( 0.01%)  
U1101                      0.0000    0.0000 4.083e-08 4.083e-08 ( 0.01%)  
U1102                      0.0000    0.0000 4.083e-08 4.083e-08 ( 0.01%)  
U1103                      0.0000    0.0000 4.083e-08 4.083e-08 ( 0.01%)  
U1104                      0.0000    0.0000 4.083e-08 4.083e-08 ( 0.01%)  
U1105                      0.0000    0.0000 4.083e-08 4.083e-08 ( 0.01%)  
U1106                      0.0000    0.0000 4.083e-08 4.083e-08 ( 0.01%)  
U1107                      0.0000    0.0000 4.083e-08 4.083e-08 ( 0.01%)  
U1108                      0.0000    0.0000 4.083e-08 4.083e-08 ( 0.01%)  
U1109                      0.0000    0.0000 4.083e-08 4.083e-08 ( 0.01%)  
U1110                      0.0000    0.0000 4.083e-08 4.083e-08 ( 0.01%)  
U1111                      0.0000    0.0000 4.083e-08 4.083e-08 ( 0.01%)  
U1112                      0.0000    0.0000 4.083e-08 4.083e-08 ( 0.01%)  
U1113                      0.0000    0.0000 4.083e-08 4.083e-08 ( 0.01%)  
U1114                      0.0000    0.0000 4.083e-08 4.083e-08 ( 0.01%)  
U1115                      0.0000    0.0000 4.083e-08 4.083e-08 ( 0.01%)  
U1116                      0.0000    0.0000 4.083e-08 4.083e-08 ( 0.01%)  
U1117                      0.0000    0.0000 4.083e-08 4.083e-08 ( 0.01%)  
U1118                      0.0000    0.0000 4.083e-08 4.083e-08 ( 0.01%)  
U1119                      0.0000    0.0000 4.083e-08 4.083e-08 ( 0.01%)  
U1120                      0.0000    0.0000 4.083e-08 4.083e-08 ( 0.01%)  
U1121                      0.0000    0.0000 4.083e-08 4.083e-08 ( 0.01%)  
U1122                      0.0000    0.0000 4.083e-08 4.083e-08 ( 0.01%)  
U1123                      0.0000    0.0000 4.083e-08 4.083e-08 ( 0.01%)  
U1124                      0.0000    0.0000 4.083e-08 4.083e-08 ( 0.01%)  
U1125                      0.0000    0.0000 4.083e-08 4.083e-08 ( 0.01%)  
U1126                      0.0000    0.0000 4.083e-08 4.083e-08 ( 0.01%)  
U1127                      0.0000    0.0000 4.083e-08 4.083e-08 ( 0.01%)  
U1128                      0.0000    0.0000 4.083e-08 4.083e-08 ( 0.01%)  
U1129                      0.0000    0.0000 4.083e-08 4.083e-08 ( 0.01%)  
U1130                      0.0000    0.0000 4.083e-08 4.083e-08 ( 0.01%)  
U1131                      0.0000    0.0000 4.083e-08 4.083e-08 ( 0.01%)  
U1132                      0.0000    0.0000 4.083e-08 4.083e-08 ( 0.01%)  
U1133                      0.0000    0.0000 4.083e-08 4.083e-08 ( 0.01%)  
U1134                      0.0000    0.0000 4.083e-08 4.083e-08 ( 0.01%)  
U1135                      0.0000    0.0000 4.083e-08 4.083e-08 ( 0.01%)  
U1144                      0.0000    0.0000 9.701e-09 9.701e-09 ( 0.00%)  
U1145                      0.0000    0.0000 9.701e-09 9.701e-09 ( 0.00%)  
U1151                      0.0000    0.0000 3.482e-08 3.482e-08 ( 0.01%)  
U1152                      0.0000    0.0000 9.701e-09 9.701e-09 ( 0.00%)  
U1154                      0.0000    0.0000 9.701e-09 9.701e-09 ( 0.00%)  
U1158                      0.0000    0.0000 9.701e-09 9.701e-09 ( 0.00%)  
U1165                      0.0000    0.0000 3.482e-08 3.482e-08 ( 0.01%)  
U1171                      0.0000    0.0000 3.482e-08 3.482e-08 ( 0.01%)  
U1172                      0.0000    0.0000 9.701e-09 9.701e-09 ( 0.00%)  
U1173                      0.0000    0.0000 9.701e-09 9.701e-09 ( 0.00%)  
U1174                      0.0000    0.0000 9.701e-09 9.701e-09 ( 0.00%)  
U1175                      0.0000    0.0000 9.701e-09 9.701e-09 ( 0.00%)  
U1176                      0.0000    0.0000 9.701e-09 9.701e-09 ( 0.00%)  
U1202                      0.0000    0.0000 5.081e-08 5.081e-08 ( 0.02%)  
U1208                      0.0000    0.0000 9.701e-09 9.701e-09 ( 0.00%)  
U1210                      0.0000    0.0000 5.081e-08 5.081e-08 ( 0.02%)  
U1234                      0.0000    0.0000 5.802e-08 5.802e-08 ( 0.02%)  
U1235                      0.0000    0.0000 4.235e-08 4.235e-08 ( 0.01%)  
U1236                      0.0000    0.0000 5.802e-08 5.802e-08 ( 0.02%)  
U1237                      0.0000    0.0000 4.235e-08 4.235e-08 ( 0.01%)  
U1238                      0.0000    0.0000 5.802e-08 5.802e-08 ( 0.02%)  
U1239                      0.0000    0.0000 4.235e-08 4.235e-08 ( 0.01%)  
U1240                      0.0000    0.0000 5.802e-08 5.802e-08 ( 0.02%)  
U1242                      0.0000    0.0000 5.802e-08 5.802e-08 ( 0.02%)  
U1243                      0.0000    0.0000 4.235e-08 4.235e-08 ( 0.01%)  
U1244                      0.0000    0.0000 5.802e-08 5.802e-08 ( 0.02%)  
U1245                      0.0000    0.0000 4.235e-08 4.235e-08 ( 0.01%)  
U1246                      0.0000    0.0000 5.802e-08 5.802e-08 ( 0.02%)  
U1247                      0.0000    0.0000 4.235e-08 4.235e-08 ( 0.01%)  
U1248                      0.0000    0.0000 5.802e-08 5.802e-08 ( 0.02%)  
U1249                      0.0000    0.0000 4.235e-08 4.235e-08 ( 0.01%)  
U1250                      0.0000    0.0000 5.802e-08 5.802e-08 ( 0.02%)  
U1251                      0.0000    0.0000 4.235e-08 4.235e-08 ( 0.01%)  
U1252                      0.0000    0.0000 5.802e-08 5.802e-08 ( 0.02%)  
U1253                      0.0000    0.0000 4.235e-08 4.235e-08 ( 0.01%)  
U1254                      0.0000    0.0000 5.802e-08 5.802e-08 ( 0.02%)  
U1255                      0.0000    0.0000 4.235e-08 4.235e-08 ( 0.01%)  
U1256                      0.0000    0.0000 5.802e-08 5.802e-08 ( 0.02%)  
U1257                      0.0000    0.0000 4.235e-08 4.235e-08 ( 0.01%)  
U1274                      0.0000    0.0000 9.701e-09 9.701e-09 ( 0.00%)  
U1276                      0.0000    0.0000 9.701e-09 9.701e-09 ( 0.00%)  
U1277                      0.0000    0.0000 9.701e-09 9.701e-09 ( 0.00%)  
U1278                      0.0000    0.0000 9.701e-09 9.701e-09 ( 0.00%)  
U1279                      0.0000    0.0000 5.081e-08 5.081e-08 ( 0.02%)  
U1280                      0.0000    0.0000 5.081e-08 5.081e-08 ( 0.02%)  
U1281                      0.0000    0.0000 9.701e-09 9.701e-09 ( 0.00%)  
U1287                      0.0000    0.0000 9.701e-09 9.701e-09 ( 0.00%)  
U1288                      0.0000    0.0000 9.701e-09 9.701e-09 ( 0.00%)  
U1289                      0.0000    0.0000 9.701e-09 9.701e-09 ( 0.00%)  
U1290                      0.0000    0.0000 9.701e-09 9.701e-09 ( 0.00%)  
U1291                      0.0000    0.0000 9.701e-09 9.701e-09 ( 0.00%)  
U1292                      0.0000    0.0000 9.701e-09 9.701e-09 ( 0.00%)  
U1296                      0.0000    0.0000 9.701e-09 9.701e-09 ( 0.00%)  
U1297                      0.0000    0.0000 9.701e-09 9.701e-09 ( 0.00%)  
U1298                      0.0000    0.0000 9.701e-09 9.701e-09 ( 0.00%)  
U1299                      0.0000    0.0000 9.701e-09 9.701e-09 ( 0.00%)  
U1300                      0.0000    0.0000 9.701e-09 9.701e-09 ( 0.00%)  
U1301                      0.0000    0.0000 9.701e-09 9.701e-09 ( 0.00%)  
U1302                      0.0000    0.0000 9.701e-09 9.701e-09 ( 0.00%)  
U1306                      0.0000    0.0000 4.235e-08 4.235e-08 ( 0.01%)  
U1321                      0.0000    0.0000 3.482e-08 3.482e-08 ( 0.01%)  
U1322                      0.0000    0.0000 3.482e-08 3.482e-08 ( 0.01%)  
U1328                      0.0000    0.0000 4.042e-08 4.042e-08 ( 0.01%)  
U1345                      0.0000    0.0000 2.826e-08 2.826e-08 ( 0.01%)  
U1347                      0.0000    0.0000 4.042e-08 4.042e-08 ( 0.01%)  
U1354                      0.0000    0.0000 9.701e-09 9.701e-09 ( 0.00%)  
U1359                      0.0000    0.0000 2.826e-08 2.826e-08 ( 0.01%)  
U1361                      0.0000    0.0000 2.246e-08 2.246e-08 ( 0.01%)  
U1364                      0.0000    0.0000 3.482e-08 3.482e-08 ( 0.01%)  
U1368                      0.0000    0.0000 3.072e-08 3.072e-08 ( 0.01%)  
U1369                      0.0000    0.0000 3.072e-08 3.072e-08 ( 0.01%)  
U1371                      0.0000    0.0000 6.416e-08 6.416e-08 ( 0.02%)  
U1403                      0.0000    0.0000 9.663e-08 9.663e-08 ( 0.03%)  
U1404                      0.0000    0.0000 5.081e-08 5.081e-08 ( 0.02%)  
U1406                      0.0000    0.0000 5.081e-08 5.081e-08 ( 0.02%)  
U1432                      0.0000    0.0000 9.701e-09 9.701e-09 ( 0.00%)  
U1433                      0.0000    0.0000 1.708e-08 1.708e-08 ( 0.01%)  
U1435                      0.0000    0.0000 9.701e-09 9.701e-09 ( 0.00%)  
U1437                      0.0000    0.0000 9.701e-09 9.701e-09 ( 0.00%)  
U1447                      0.0000    0.0000 3.622e-08 3.622e-08 ( 0.01%)  
add_x_123_U2               0.0000    0.0000 9.663e-08 9.663e-08 ( 0.03%)  
add_x_123_U3               0.0000    0.0000 9.663e-08 9.663e-08 ( 0.03%)  
add_x_123_U4               0.0000    0.0000 9.663e-08 9.663e-08 ( 0.03%)  
add_x_123_U5               0.0000    0.0000 9.663e-08 9.663e-08 ( 0.03%)  
add_x_123_U6               0.0000    0.0000 9.663e-08 9.663e-08 ( 0.03%)  
add_x_123_U7               0.0000    0.0000 9.663e-08 9.663e-08 ( 0.03%)  
add_x_123_U8               0.0000    0.0000 9.663e-08 9.663e-08 ( 0.03%)  
add_x_123_U9               0.0000    0.0000 9.663e-08 9.663e-08 ( 0.03%)  
add_x_123_U10              0.0000    0.0000 9.663e-08 9.663e-08 ( 0.03%)  
add_x_123_U11              0.0000    0.0000 9.663e-08 9.663e-08 ( 0.03%)  
add_x_123_U12              0.0000    0.0000 9.663e-08 9.663e-08 ( 0.03%)  
add_x_123_U13              0.0000    0.0000 9.663e-08 9.663e-08 ( 0.03%)  
add_x_123_U14              0.0000    0.0000 9.663e-08 9.663e-08 ( 0.03%)  
add_x_123_U15              0.0000    0.0000 1.017e-07 1.017e-07 ( 0.04%)  
add_x_123_U16              0.0000    0.0000 9.663e-08 9.663e-08 ( 0.03%)  
--------------------------------------------------------------------------------
Totals (3476 cells)     9.244e-05 1.317e-05 1.773e-04 2.829e-04 (100.0%)
1
